kaptCode,subwayStation,subwayDist
A10021295,광화문역,282
A11007001,경복궁(정부서울청사)역,194
A11087101,경복궁(정부서울청사)역,193
A11034001,종로3가역,229
A11041001,종로5가역,122
A10027162,종로5가역,346
A10023586,종로5가역,459
A10023741,혜화역,447
A11052201,혜화역,283
A11076701,혜화역,293
A11054101,동묘앞역,94
A11054301,창신역,5
A11077101,창신역,184
A11087601,동묘앞역,4
A11087602,창신역,15
A10027105,서대문역,149
A10027118,독립문역,441
A10026940,독립문역,285
A10026946,독립문역,386
A10025710,독립문역,23
A11081302,독립문역,155
A11081503,독립문역,64
A10088101,회현(남대문시장)역,91
A10088102,회현(남대문시장)역,226
A10072501,명동역,160
A10071301,충무로역,220
A10025223,동대문역사문화공원역,318
A10023352,을지로4가역,177
A10028201,충무로역,222
A10022761,충무로역,330
A10026849,동대입구역,378
A10024327,동대문역사문화공원역,185
A10021020,상왕십리역,168
A10025372,상왕십리역,269
A10045001,청구역,351
A10045002,청구역,30
A10045301,버티고개역,4
A10045302,버티고개역,4
A10045401,청구역,226
A10045402,약수역,86
A10045403,청구역,226
A10045404,약수역,86
A10045601,청구역,460
A10078102,청구역,257
A10078901,신당역,383
A10095501,신당역,37
A10095502,신당역,5
A10024801,신당역,163
A10044001,동묘앞역,306
A10044002,동묘앞역,306
A10086801,신당역,86
A10024359,시청역,175
A10024756,서울역,236
A10027364,시청역,287
A10023788,충정로(경기대입구)역,95
A10085903,충정로(경기대입구)역,37
A10095301,충정로(경기대입구)역,227
A10080701,서울역,291
A10026517,서울역,301
A10026881,서울역,353
A14019001,서울역,257
A14070901,서울역,58
A10023798,남영역,105
A14070301,남영역,356
A14070302,남영역,26
A14005001,마포역,357
A10025898,효창공원앞역,4
A14074101,효창공원앞역,88
A14074102,효창공원앞역,294
A14007002,효창공원앞역,275
A14083101,효창공원앞역,320
A10027901,남영역,303
A14010001,삼각지역,385
A14010002,남영역,155
A14010003,삼각지역,305
A14009001,삼각지역,337
A14075201,삼각지역,8
A10021269,신용산역,179
A10023195,삼각지역,49
A10024333,삼각지역,105
A10026719,신용산역,158
A10026922,신용산역,0
A14001201,삼각지역,158
A14002501,이촌역,174
A14074501,용산역,419
A14088201,신용산역,320
A14003001,이촌역,367
A14003003,이촌역,290
A14003007,이촌역,227
A14003101,서빙고역,467
A14003104,이촌역,443
A14003105,이촌역,149
A14003106,이촌역,273
A14072701,이촌역,178
A14072702,이촌역,218
A14077401,이촌역,465
A14086001,이태원역,349
A10021637,한남역,90
A10023379,한남역,2
A14077901,한남역,252
A10022221,서빙고역,312
A14024001,서빙고역,318
A14024002,서빙고역,20
A13373301,신당역,384
A13373302,신당역,384
A10026900,행당역,391
A10027289,상왕십리역,58
A10027432,상왕십리역,350
A10027920,상왕십리역,260
A10027969,상왕십리역,260
A13302001,상왕십리역,379
A13302201,상왕십리역,165
A13302203,신금호역,407
A13302204,상왕십리역,302
A13302206,행당역,302
A13385705,상왕십리역,154
A13385802,상왕십리역,272
A13388001,상왕십리역,379
A13370801,왕십리역,224
A13305002,마장역,281
A13305003,마장역,150
A13305005,마장역,156
A13305006,마장역,70
A13305007,마장역,122
A13381601,마장역,238
A13381604,왕십리역,120
A13381608,마장역,181
A13381701,용답역,128
A10024464,왕십리역,4
A10025686,행당역,47
A10026207,응봉역,365
A13307001,왕십리역,145
A13307002,행당역,258
A13307101,왕십리역,11
A13307201,행당역,0
A13307202,응봉역,361
A13307204,행당역,5
A13377703,행당역,11
A13377901,행당역,47
A13377902,행당역,5
A13386702,응봉역,324
A13308004,응봉역,246
A13308005,응봉역,136
A13376906,응봉역,104
A13385202,응봉역,261
A13385301,응봉역,160
A13385303,응봉역,350
A10026418,신금호역,286
A13309101,신금호역,142
A13380104,신금호역,338
A10027602,신금호역,11
A13380301,신금호역,83
A13380302,신금호역,288
A13309301,금호역,183
A13379001,신금호역,313
A13380602,신금호역,367
A13380703,금호역,16
A10023252,금호역,23
A13309402,금호역,43
A13309404,금호역,230
A13380803,옥수역,325
A13380901,금호역,22
A10026748,금호역,32
A13310004,옥수역,385
A13375901,옥수역,182
A13375902,옥수역,147
A13375903,옥수역,37
A13375904,옥수역,18
A13375906,옥수역,11
A13375907,금호역,211
A13375909,옥수역,296
A13376702,옥수역,104
A13383801,옥수역,18
A10024503,서울숲역,4
A10026988,서울숲역,362
A13311101,서울숲역,466
A13372101,뚝섬역,182
A13372102,뚝섬역,117
A13376405,서울숲역,156
A13382104,서울숲역,49
A13382106,서울숲역,9
A13382502,뚝섬역,436
A13384301,뚝섬역,114
A13384303,뚝섬역,12
A13384304,뚝섬역,343
A13392307,서울숲역,211
A10022325,성수역,186
A10023316,성수역,496
A13312302,성수역,67
A13312303,성수역,232
A13378001,성수역,384
A13383301,뚝섬역,304
A10022175,답십리역,290
A10024886,장한평역(5호선),3
A10020402,중곡역,480
A10023395,군자(능동)역,216
A14322001,중곡역,299
A10021381,아차산역,480
A10024667,강변(동서울터미널)역,166
A10026874,구의(광진구청)역,239
A14320001,강변(동서울터미널)역,291
A14320002,강변(동서울터미널)역,98
A14320003,강변(동서울터미널)역,392
A14320302,강변(동서울터미널)역,40
A14320304,강변(동서울터미널)역,180
A14382101,강변(동서울터미널)역,432
A14383203,강변(동서울터미널)역,224
A14383205,강변(동서울터미널)역,160
A14321001,광나루역,419
A14375301,광나루역,282
A14380211,광나루역,401
A14380409,광나루역,13
A14380414,광나루역,13
A14380605,광나루역,105
A14381407,광나루역,329
A14381506,광나루역,233
A14381508,광나루역,474
A14381510,광나루역,390
A14381516,광나루역,61
A10020868,구의(광진구청)역,90
A10022137,건대입구역,293
A10022362,뚝섬유원지역,189
A10022641,뚝섬유원지역,361
A10023282,뚝섬유원지역,420
A10023336,구의(광진구청)역,399
A10024132,건대입구역,237
A10024154,건대입구역,381
A10026720,구의(광진구청)역,274
A14319002,뚝섬유원지역,219
A14319006,뚝섬유원지역,314
A14319007,뚝섬유원지역,369
A14319008,건대입구역,370
A14319010,뚝섬유원지역,26
A14319012,건대입구역,164
A14319013,뚝섬유원지역,90
A14319302,뚝섬유원지역,287
A14319305,뚝섬유원지역,16
A14319306,뚝섬유원지역,21
A14319307,뚝섬유원지역,371
A14319311,건대입구역,423
A14377402,뚝섬유원지역,93
A14386110,건대입구역,358
A14387605,강변(동서울터미널)역,362
A14388204,뚝섬유원지역,187
A14388208,뚝섬유원지역,323
A10021996,어린이대공원(세종대)역,181
A10022135,어린이대공원(세종대)역,272
A10022318,어린이대공원(세종대)역,109
A10025404,어린이대공원(세종대)역,168
A14313001,건대입구역,416
A14383901,어린이대공원(세종대)역,257
A10020429,신설동역,4
A10026147,신설동역,189
A10022979,신설동역,376
A10023389,청량리역(1호선),201
A10027274,제기동역,42
A13007001,용두(동대문구청)역,38
A13007002,제기동역,72
A13007004,용두(동대문구청)역,378
A13070301,용두(동대문구청)역,27
A10020729,고려대(종암)역,19
A13006002,제기동역,153
A13006003,제기동역,365
A13006101,고려대(종암)역,224
A13086101,안암(고대병원앞)역,243
A10023083,청량리역(1호선),110
A13085901,신답역,384
A13085902,청량리역(중앙선),88
A10020851,신답역,167
A10020888,신답역,233
A10022377,신답역,157
A10023891,답십리역,132
A10027089,답십리역,85
A10028042,답십리역,180
A13003003,답십리역,227
A13003005,신답역,108
A13003007,답십리역,456
A13080702,신답역,419
A10020768,장한평역(5호선),167
A10021838,장한평역(5호선),455
A10021855,장한평역(5호선),491
A10022117,장한평역(5호선),378
A13078701,장한평역(5호선),469
A13071201,청량리역(1호선),488
A13086701,청량리역(1호선),368
A13086705,청량리역(중앙선),287
A10023539,"회기역(1호선,중앙선)",145
A13070101,"회기역(1호선,중앙선)",215
A13087201,"회기역(1호선,중앙선)",362
A10023368,"회기역(1호선,중앙선)",96
A10024082,외대앞역(1호선),69
A13009001,외대앞역(1호선),426
A13009101,외대앞역(1호선),290
A13077702,외대앞역(1호선),334
A13077703,"회기역(1호선,중앙선)",313
A13008001,신이문역(1호선),343
A13082501,외대앞역(1호선),319
A13082502,외대앞역(1호선),36
A13082702,신이문역(1호선),132
A13082703,신이문역(1호선),166
A13082704,신이문역(1호선),36
A13082805,신이문역(1호선),122
A13083102,외대앞역(1호선),115
A10021891,중랑역,312
A10023606,사가정역,376
A10023835,면목역,60
A10024366,중랑역,431
A10024443,용마산역,0
A10024741,사가정역,468
A10028033,용마산역,7
A13120001,면목역,275
A13120403,용마산역,454
A13120701,사가정역,291
A13120704,사가정역,226
A13181203,사가정역,433
A13183202,사가정역,450
A13183405,사가정역,197
A13183504,용마산역,440
A13184107,사가정역,479
A13184208,용마산역,264
A13184502,사가정역,299
A10020694,상봉역,55
A10020884,상봉역,2
A10022528,상봉역,212
A10022775,상봉역,228
A13122001,망우역,169
A13122002,망우역,32
A13122104,망우역,231
A13170401,망우역,137
A13185603,망우역,334
A13185607,망우역,26
A13186305,망우역,314
A13186401,망우역,158
A10020974,중랑역,23
A10023899,중랑역,20
A10027456,중랑역,35
A13187702,상봉역,88
A10020959,태릉입구역,284
A10022599,먹골역,292
A10023815,태릉입구역,239
A10023834,먹골역,61
A10025855,화랑대(서울여대입구)역,242
A10026469,먹골역,157
A13114103,먹골역,190
A13114106,먹골역,332
A13114201,먹골역,257
A13176801,태릉입구역,271
A13184609,화랑대(서울여대입구)역,259
A13184610,봉화산(서울의료원)역,12
A13184804,태릉입구역,132
A13185402,태릉입구역,214
A13185502,먹골역,291
A13185507,먹골역,259
A13185508,화랑대(서울여대입구)역,39
A10020869,양원역,206
A10021760,망우역,192
A10022919,신내역,33
A10023816,양원역,143
A10023952,양원역,27
A13123002,양원역,378
A13123102,양원역,365
A13176101,망우역,189
A10025137,봉화산(서울의료원)역,0
A13113006,망우역,458
A13113007,신내역,321
A13113008,신내역,280
A13176901,봉화산(서울의료원)역,84
A13176902,봉화산(서울의료원)역,435
A13178101,신내역,162
A13186708,신내역,491
A13186907,망우역,487
A13187004,망우역,410
A13187201,봉화산(서울의료원)역,333
A13187203,봉화산(서울의료원)역,161
A13187305,봉화산(서울의료원)역,435
A13187406,양원역,440
A10025140,정릉역(국민대입구),423
A10027227,정릉역(국민대입구),258
A10028001,길음역,153
A13606003,정릉역(국민대입구),71
A13606004,한성대입구(삼선교)역,223
A13606005,한성대입구(삼선교)역,223
A13606102,길음역,166
A13606106,길음역,298
A13606107,길음역,75
A13606201,성신여대입구(돈암)역,389
A13679902,정릉역(국민대입구),369
A13679903,정릉역(국민대입구),430
A13681303,길음역,70
A13681304,길음역,90
A13603401,성신여대입구(돈암)역,376
A13603701,성신여대입구(돈암)역,356
A13603501,성신여대입구(돈암)역,67
A13603702,성신여대입구(돈암)역,391
A13672101,창신역,259
A13672102,창신역,176
A13604301,보문역,368
A13670801,한성대입구(삼선교)역,363
A13607101,안암(고대병원앞)역,381
A13607302,보문역(우이신설),446
A13608401,보문역(우이신설),79
A10023669,보문역,133
A13608301,보문역,120
A10028000,정릉역(국민대입구),192
A13610001,정릉역(국민대입구),312
A13610003,정릉역(국민대입구),356
A13610005,북한산보국문역(서경대),83
A13610007,솔샘역,427
A13610102,정릉역(국민대입구),354
A13610103,정릉역(국민대입구),84
A13610107,정릉역(국민대입구),260
A13610202,정릉역(국민대입구),340
A13676501,정릉역(국민대입구),454
A13676605,정릉역(국민대입구),358
A13676703,북한산보국문역(서경대),237
A13676704,북한산보국문역(서경대),305
A13677101,길음역,408
A13677206,정릉역(국민대입구),128
A13677807,정릉역(국민대입구),297
A13684306,정릉역(국민대입구),106
A13684605,정릉역(국민대입구),389
A13685104,정릉역(국민대입구),240
A10023926,길음역,247
A10025638,미아사거리역,95
A13611004,길음역,0
A13611005,길음역,144
A13611011,길음역,282
A13611103,길음역,353
A13611202,미아사거리역,453
A13671203,고려대(종암)역,367
A13671205,월곡(동덕여대)역,190
A13671206,길음역,359
A13671207,고려대(종암)역,434
A13671209,월곡(동덕여대)역,120
A13671213,월곡(동덕여대)역,455
A13686302,길음역,376
A10021241,월곡(동덕여대)역,5
A13613004,길음역,481
A13613005,월곡(동덕여대)역,497
A13613006,월곡(동덕여대)역,99
A13613008,월곡(동덕여대)역,400
A13613011,길음역,466
A13613012,길음역,208
A13612002,상월곡(한국과학기술연구원)역,166
A10022357,돌곶이역,121
A10024702,돌곶이역,9
A10025259,석계역,327
A10025283,신이문역(1호선),351
A13615002,신이문역(1호선),278
A13615003,석계역,28
A13676101,돌곶이역,88
A13676103,돌곶이역,265
A13681701,석계역,246
A10021213,미아(서울사이버대학)역,312
A10024034,수유(강북구청)역,283
A10025241,미아사거리역,432
A14210002,솔샘역,451
A14272304,솔샘역,36
A14272305,솔샘역,87
A14272306,미아사거리역,397
A14272307,미아(서울사이버대학)역,313
A14272308,삼양사거리역,218
A14272310,솔샘역,238
A14272311,솔샘역,0
A14272313,미아사거리역,247
A14272314,솔샘역,226
A14277601,삼양역,25
A14280502,미아사거리역,278
A14282301,삼양역,127
A10021522,가오리역,397
A10023955,수유(강북구청)역,45
A14207201,가오리역,255
A14207202,가오리역,255
A14207203,가오리역,29
A14278101,가오리역,291
A14209001,솔밭공원역,96
A14287102,북한산우이역(도선사입구),36
A10023732,솔밭공원역,20
A13203001,솔밭공원역,176
A13203303,쌍문역,260
A10024463,방학역,11
A13202002,방학역,173
A13272101,방학역,62
A13285305,방학역,340
A13285406,방학역,156
A13204002,창동역,208
A13204103,창동역,82
A13204104,녹천역,190
A13204105,창동역,176
A13204205,쌍문역,389
A13204404,방학역,491
A13204408,녹천역,30
A13204409,창동역,213
A13204505,창동역,136
A13204506,창동역,17
A13204507,창동역,296
A13204508,창동역,245
A13204510,창동역,383
A13290003,창동역,106
A13290105,녹천역,96
A13290107,창동역,248
A13290809,쌍문역,495
A13292002,쌍문역,169
A13292501,쌍문역,83
A10027136,도봉역,171
A13201202,도봉산역,110
A13201206,도봉역,63
A13201207,도봉역,152
A13201208,도봉역,344
A13201209,도봉산역,80
A13275301,도봉역,393
A13275302,도봉역,344
A13280104,도봉역,411
A13281201,도봉산역,410
A13281802,도봉역,36
A13293505,도봉역,1
A10024812,석계역,50
A13905003,석계역,106
A13905101,성북역,73
A13905102,성북역,131
A13905105,석계역,299
A13905301,성북역,175
A13905302,월계역,403
A13984003,성북역,153
A13984004,석계역,92
A13984005,성북역,97
A13984409,월계역,80
A13984411,월계역,12
A13984603,성북역,466
A13984604,석계역,422
A13987501,성북역,162
A13987503,성북역,176
A13991016,월계역,9
A10021097,태릉입구역,10
A10022152,공릉역,340
A10023478,태릉입구역,10
A10023990,태릉입구역,7
A10023991,화랑대(서울여대입구)역,430
A10027622,태릉입구역,48
A13924205,공릉역,490
A13980004,화랑대(서울여대입구)역,238
A13980006,화랑대(서울여대입구)역,1
A13980009,화랑대(서울여대입구)역,347
A13980010,화랑대(서울여대입구)역,319
A13980019,화랑대(서울여대입구)역,194
A13980107,공릉역,204
A13980108,공릉역,203
A13980407,화랑대(서울여대입구)역,161
A13980411,공릉역,359
A13980413,화랑대(서울여대입구)역,379
A13980415,화랑대(서울여대입구)역,172
A13980509,공릉역,319
A13980510,하계역,472
A13980511,공릉역,246
A13980513,공릉역,446
A13980706,태릉입구역,264
A13994501,공릉역,373
A13923001,하계역,237
A13923103,하계역,3
A13923104,하계역,3
A13923108,하계역,268
A13987205,하계역,291
A13987303,하계역,3
A13987304,하계역,3
A13987305,월계역,207
A13987306,하계역,217
A13993503,하계역,3
A10020986,상계역,283
A10021185,노원역,304
A10024434,수락산역,313
A10024547,마들역,293
A10027601,중계역,323
A13920001,수락산역,467
A13920102,수락산역,342
A13920105,수락산역,443
A13920106,수락산역,74
A13920207,노원역,445
A13920209,노원역,303
A13920506,상계역,13
A13920703,노원역,214
A13920706,노원역,398
A13920707,노원역,68
A13920802,마들역,122
A13920803,마들역,122
A13920804,마들역,5
A13921005,마들역,4
A13971501,중계역,158
A13971502,노원역,115
A13973201,노원역,144
A13973202,노원역,304
A13974103,수락산역,441
A13981006,상계역,200
A13981208,당고개역,218
A13981402,당고개역,397
A13981405,상계역,320
A13981407,상계역,38
A13981604,노원역,183
A13981606,상계역,287
A13981901,마들역,322
A13981903,마들역,121
A13982101,노원역,381
A13982202,마들역,43
A13982301,마들역,44
A13982604,마들역,486
A13982701,마들역,290
A13982702,마들역,361
A13982704,노원역,368
A13983004,노원역,296
A13983105,중계역,260
A13983608,수락산역,430
A13983713,수락산역,63
A13983803,수락산역,398
A13983810,수락산역,66
A13983811,수락산역,255
A13983815,수락산역,84
A13983816,수락산역,255
A13989701,당고개역,272
A13989702,당고개역,350
A13994302,노원역,482
A13972601,중계역,15
A13972602,중계역,218
A13972603,중계역,275
A13985605,상계역,203
A13985904,상계역,394
A13985907,상계역,331
A13985909,상계역,411
A13986302,하계역,256
A13986306,중계역,12
A13986504,중계역,68
A13986701,상계역,59
A13986702,상계역,80
A13986703,상계역,212
A10020526,디지털미디어시티역,222
A10023126,수색역 (경의선),446
A10024828,수색역 (경의선),262
A10024774,역촌역,106
A10025836,녹번역,44
A10027816,불광역,436
A12283602,녹번역,98
A12283603,녹번역,26
A10020749,연신내역,263
A10022158,독바위역,332
A10022256,불광역,401
A10022803,연신내역,122
A12204001,독바위역,231
A12204003,불광역,446
A12204004,독바위역,60
A12204006,불광역,216
A12204102,불광역,222
A12275202,연신내역,364
A12284701,독바위역,318
A12285703,불광역,280
A12271402,구산역,9
A10023734,구산역,186
A10023467,불광역,226
A10024313,녹번역,22
A10024831,녹번역,193
A10024947,응암역,444
A10025310,응암역,429
A12201102,응암역,412
A10022090,응암역,351
A12208204,새절(신사)역,398
A12208205,새절(신사)역,397
A10023056,증산(명지대앞)역,28
A10023737,디지털미디어시티역,32
A10023875,디지털미디어시티역,121
A10024581,증산(명지대앞)역,355
A10024769,디지털미디어시티역,100
A10025969,증산(명지대앞)역,166
A12275801,증산(명지대앞)역,355
A12294102,디지털미디어시티역,322
A10022206,구파발역,216
A10025765,구파발역,62
A10026376,구파발역,265
A12220004,구파발역,453
A41279910,구파발역,126
A41279911,구파발역,250
A41279914,구파발역,341
A41279920,지축역,493
A41279921,구파발역,289
A41279927,지축역,392
A41279928,구파발역,289
A41279931,구파발역,297
A10022194,충정로(경기대입구)역,69
A10024966,충정로(경기대입구)역,60
A12070201,충정로(경기대입구)역,0
A12003001,충정로(경기대입구)역,123
A12005001,서대문역,486
A12070101,서대문역,231
A12007001,독립문역,281
A12008001,독립문역,413
A12008003,독립문역,114
A10023016,아현역,351
A10024719,아현역,498
A10026370,이대역,194
A12079501,이대역,272
A10021965,홍제역,209
A10023560,무악재역,30
A10024620,무악재역,55
A10025767,무악재역,96
A12009002,무악재역,264
A12009102,홍제역,108
A12009201,홍제역,445
A12009202,무악재역,297
A12009203,무악재역,14
A12009303,홍제역,347
A12009305,홍제역,481
A12078704,홍제역,292
A12078705,무악재역,153
A12078706,무악재역,153
A12085303,무악재역,49
A12086001,홍제역,423
A12017001,신촌역,182
A12011002,홍대입구역(경의중앙선),413
A10026604,홍제역,327
A12010103,홍제역,384
A12010104,홍제역,497
A12084504,홍제역,373
A10024428,디지털미디어시티역,210
A12013003,가좌역,254
A12013101,디지털미디어시티역,411
A12081602,디지털미디어시티역,102
A12081703,디지털미디어시티역,472
A10027019,가좌역,222
A12012101,가좌역,205
A10022480,애오개역,100
A10022941,애오개역,32
A10023508,이대역,256
A10027090,애오개역,94
A12101001,아현역,182
A12175202,애오개역,100
A10024408,공덕역(5호선),203
A10027748,공덕역(5호선),209
A12102002,공덕역(5호선),229
A12102005,공덕역(5호선),367
A12102008,애오개역,243
A12170601,공덕역(5호선),377
A12170602,애오개역,243
A12170603,애오개역,379
A12180401,공덕역(5호선),251
A12180407,공덕역(5호선),52
A12180506,공덕역(5호선),131
A10024334,공덕역(5호선),11
A10027504,공덕역(5호선),17
A12103002,공덕역(5호선),336
A12103006,공덕역(5호선),0
A12179001,공덕역(5호선),29
A12179003,공덕역(5호선),421
A12179004,공덕역(5호선),22
A12179006,공덕역(5호선),235
A12185303,공덕역(5호선),156
A12185304,공덕역(5호선),421
A12104001,공덕역(5호선),139
A12104005,공덕역(5호선),182
A12104007,마포역,223
A12170401,공덕역(5호선),125
A12170402,마포역,9
A12181404,공덕역(5호선),290
A12181406,공덕역(5호선),179
A10028006,마포역,169
A12187501,마포역,369
A12187602,대흥(서강대앞)역,393
A12106001,마포역,235
A10025672,마포역,275
A12105001,마포역,129
A10021649,대흥(서강대앞)역,273
A10025003,이대역,64
A12172401,대흥(서강대앞)역,22
A12172402,이대역,111
A12181102,대흥(서강대앞)역,153
A12181103,대흥(서강대앞)역,153
A10024597,마포역,317
A12109001,마포역,286
A12109002,대흥(서강대앞)역,249
A12187403,대흥(서강대앞)역,482
A10022963,서강대역,118
A12172201,이대역,201
A12111001,광흥창(서강)역,159
A12171201,광흥창(서강)역,264
A12185504,대흥(서강대앞)역,326
A12185602,광흥창(서강)역,315
A12185605,광흥창(서강)역,62
A12185606,서강대역,11
A10027714,광흥창(서강)역,402
A12112001,광흥창(서강)역,491
A12112002,광흥창(서강)역,389
A10020640,광흥창(서강)역,1
A10025633,광흥창(서강)역,188
A12119004,광흥창(서강)역,81
A12119006,광흥창(서강)역,38
A12119007,서강대역,180
A12177801,광흥창(서강)역,33
A12177802,서강대역,180
A12188201,서강대역,165
A12188202,서강대역,215
A12188205,서강대역,227
A10028177,상수역,146
A12170702,광흥창(서강)역,193
A12182901,상수역,67
A12115001,광흥창(서강)역,241
A12114001,광흥창(서강)역,325
A10024891,합정역,58
A12174601,합정역,0
A12184201,홍대입구역(2호선),498
A10027301,합정역,78
A10027902,합정역,14
A10023665,마포구청역,379
A10027572,망원역,289
A12182101,망원역,481
A10024587,홍대입구역(경의중앙선),408
A12186901,가좌역,438
A10027157,가좌역,20
A12125001,월드컵경기장(성산)역,490
A12125202,가좌역,398
A12171101,가좌역,46
A12185001,가좌역,96
A12185004,디지털미디어시티역,203
A10022429,가좌역,308
A12187703,가좌역,393
A12187902,가좌역,121
A12187904,디지털미디어시티역,98
A12127006,수색역 (경의선),485
A12127007,디지털미디어시티역,325
A12179501,디지털미디어시티역,191
A12179502,디지털미디어시티역,274
A10021466,양천구청역,379
A10023886,신정네거리역,124
A10024398,신정네거리역,60
A10027375,신정네거리역,111
A15807002,신정네거리역,395
A15807208,도림천역,466
A15807210,오목교(목동운동장앞)역,233
A15807211,오목교(목동운동장앞)역,248
A15807603,오목교(목동운동장앞)역,340
A15807604,목동역,294
A15807605,양천구청역,7
A15807606,양천구청역,388
A15807701,양천구청역,446
A15807702,양천구청역,260
A15807703,양천구청역,381
A15807705,양천구청역,361
A15807706,양천구청역,34
A15807707,양천구청역,0
A15873701,신정네거리역,200
A15876402,도림천역,492
A15884901,오목교(목동운동장앞)역,241
A10021824,오목교(목동운동장앞)역,54
A10023948,염창역,4
A10026023,등촌역,373
A10027849,오목교(목동운동장앞)역,33
A15805002,신목동역,92
A15805101,목동역,257
A15805102,목동역,284
A15805105,목동역,213
A15805109,오목교(목동운동장앞)역,55
A15805111,목동역,303
A15805114,오목교(목동운동장앞)역,157
A15805115,목동역,166
A15805203,염창역,488
A15805303,등촌역,174
A15875101,신목동역,342
A15880204,염창역,490
A15882008,오목교(목동운동장앞)역,133
A15882010,오목교(목동운동장앞)역,112
A15882103,오목교(목동운동장앞)역,61
A15882104,목동역,194
A15882107,오목교(목동운동장앞)역,19
A15884202,신정네거리역,482
A10022537,염창역,426
A10024353,염창역,15
A10025049,증미역,481
A15704001,등촌역,63
A15704006,등촌역,56
A15704007,등촌역,272
A15704009,증미역,291
A15704023,염창역,352
A15704025,증미역,289
A15776002,등촌역,379
A15776004,염창역,497
A15786104,등촌역,381
A15786111,등촌역,438
A15786116,증미역,209
A15786118,등촌역,398
A15786213,염창역,432
A15786222,염창역,142
A15786227,염창역,358
A15786312,염창역,200
A15786321,등촌역,269
A15786424,염창역,65
A10022233,가양역,280
A10022348,증미역,187
A10023934,발산역,183
A10024768,등촌역,12
A15703001,증미역,279
A15703002,증미역,131
A15703004,양천향교역,314
A15703005,증미역,182
A15703301,가양역,77
A15703302,양천향교역,369
A15703303,가양역,431
A15703304,양천향교역,154
A15703306,가양역,276
A15703307,가양역,402
A15703308,발산역,239
A15703309,발산역,443
A15703313,양천향교역,154
A15703318,가양역,382
A15772902,증미역,64
A15776414,발산역,381
A15776715,가양역,77
A15783806,가양역,142
A15783902,증미역,181
A15783905,증미역,241
A15783907,등촌역,293
A15784003,증미역,276
A15784008,증미역,155
A15784402,등촌역,307
A10020494,까치산역,458
A10024145,우장산역,149
A15701003,우장산역,5
A15770801,우장산역,239
A15788203,까치산역,241
A15791001,까치산역,261
A15792602,우장산역,297
A10021511,가양역,180
A10025616,양천향교역,447
A15720001,양천향교역,400
A15720101,양천향교역,2
A15780002,가양역,0
A15780401,가양역,5
A15780602,양천향교역,456
A15780603,양천향교역,210
A15780604,양천향교역,229
A15780605,양천향교역,346
A15780703,가양역,301
A15780704,가양역,263
A15780904,가양역,24
A15780905,가양역,247
A15781002,증미역,158
A15781003,증미역,94
A10026879,마곡역,378
A10027371,마곡역,186
A10027403,마곡역,54
A10027433,신방화역,299
A10027452,마곡역,315
A10027687,신방화역,332
A15721003,신방화역,446
A15721004,신방화역,437
A15721007,신방화역,363
A15721011,신방화역,101
A15722009,신방화역,5
A15722010,신방화역,58
A15728004,마곡역,413
A15728008,마곡역,438
A15728009,발산역,69
A15728010,발산역,499
A15728013,발산역,465
A15779704,우장산역,330
A15782501,발산역,398
A10028020,송정역,304
A15781201,송정역,235
A10021043,개화산역,38
A10021419,방화역,487
A10023292,방화역,135
A15722003,개화산역,258
A15722005,신방화역,420
A15722007,방화역,446
A15722102,개화산역,35
A15722201,개화산역,236
A15722203,신방화역,213
A15722204,개화산역,207
A15722306,방화역,496
A15722307,방화역,402
A15722314,방화역,377
A15777501,개화산역,22
A15778101,방화역,51
A15785002,개화산역,414
A15785507,신방화역,243
A15785608,방화역,182
A15785612,방화역,54
A15785613,방화역,42
A15785703,방화역,354
A15785709,방화역,90
A15785710,방화역,41
A15785711,방화역,377
A10020550,구로역,494
A10020771,신도림역,221
A10021030,구로역,72
A10022406,신도림역,227
A10022522,신도림역,89
A15277302,신도림역,31
A15288801,도림천역,85
A15288803,도림천역,131
A15288805,구로역,359
A15288806,도림천역,287
A15288807,도림천역,495
A15288808,신도림역,312
A15288809,신도림역,291
A15288810,도림천역,327
A15288812,신도림역,212
A15288813,도림천역,222
A15288814,구로역,162
A10021214,대림(구로구청)역,449
A10021345,남구로역,445
A10021636,대림(구로구청)역,379
A10023471,대림(구로구청)역,341
A10027493,구로역,226
A10027507,구일역,421
A15205103,구일역,191
A15205303,남구로역,289
A15205305,남구로역,183
A15205405,남구로역,255
A15205508,구로역,257
A15205511,구로역,30
A15205513,신도림역,142
A15283807,신도림역,444
A15283809,신도림역,411
A15283902,대림(구로구청)역,36
A15284204,대림(구로구청)역,295
A15284603,대림(구로구청)역,11
A15284906,남구로역,295
A15285004,대림(구로구청)역,406
A15286210,구로역,299
A15286801,구일역,332
A15286802,구일역,333
A15286805,구일역,195
A15286806,구일역,373
A15286809,구일역,375
A15288002,대림(구로구청)역,229
A15288004,대림(구로구청)역,244
A15208003,개봉역,307
A15282608,개봉역,493
A15283711,구일역,305
A10020797,개봉역,79
A10021547,오류동역,321
A10021629,개봉역,87
A10024745,개봉역,185
A15209002,개봉역,94
A15209003,개봉역,96
A15209004,개봉역,341
A15209201,개봉역,33
A15209202,개봉역,0
A15209203,개봉역,370
A15209205,개봉역,199
A15209206,개봉역,188
A15209207,개봉역,112
A15209303,광명사거리역,385
A15209305,광명사거리역,370
A15280602,개봉역,189
A15282105,개봉역,153
A10027522,오류동역,133
A15210101,오류동역,227
A15210105,오류동역,369
A15210106,오류동역,452
A15210206,오류동역,261
A15210210,오류동역,207
A15210211,천왕역,151
A15210212,오류동역,238
A15279101,온수역,353
A10021128,천왕역,433
A15210001,천왕역,108
A15213003,천왕역,168
A10023956,가산디지털단지역,353
A10024302,독산역,126
A10025946,금천구청역,419
A10026024,독산역,496
A10026626,금천구청역,159
A10027188,금천구청역,253
A15301001,독산역,141
A15301105,독산역,0
A15381303,독산역,481
A15381706,독산역,132
A15383308,금천구청역,477
A15383601,독산역,409
A15383604,독산역,369
A15303003,금천구청역,258
A15383905,금천구청역,268
A15386303,석수역,286
A15386404,금천구청역,340
A15003001,신길역,225
A15003002,영등포역,440
A10024490,신길역,104
A10025518,영등포시장역,35
A10026801,영등포시장역,473
A15003701,영등포시장역,83
A15003801,당산역,309
A15003802,당산역,260
A10022891,여의나루역,291
A15001003,여의나루역,4
A15001005,노량진역,475
A15001009,여의나루역,333
A15001012,여의나루역,137
A15001016,여의나루역,360
A15001019,여의도역,109
A15001020,여의나루역,69
A15076301,샛강역,221
A15076302,샛강역,95
A15088208,여의나루역,1
A15088717,여의도역,3
A15088915,샛강역,339
A15088918,여의나루역,417
A15089307,샛강역,37
A15089411,샛강역,452
A15089510,샛강역,472
A15089513,샛강역,329
A15004101,영등포시장역,418
A15075001,문래역,325
A15080002,문래역,162
A10023489,영등포구청역,142
A15004201,문래역,230
A15004202,영등포구청역,9
A10021962,영등포구청역,186
A10021966,영등포구청역,186
A10021967,영등포구청역,188
A15072001,영등포구청역,234
A15072002,영등포시장역,207
A15080204,영등포구청역,190
A15080205,영등포시장역,259
A15080402,영등포구청역,138
A10026797,당산역,407
A10027684,영등포구청역,395
A15004403,영등포구청역,350
A15004405,영등포구청역,141
A15004406,영등포구청역,409
A15072201,영등포구청역,292
A15080501,영등포구청역,459
A15080507,당산역,348
A10024789,당산역,223
A15004501,당산역,51
A15004502,당산역,2
A15004505,당산역,128
A15004506,당산역,221
A15004507,당산역,0
A15081001,당산역,130
A15081002,당산역,413
A15076701,신도림역,450
A15083201,신도림역,206
A15009201,신도림역,258
A10022428,문래역,156
A10024832,영등포역,441
A10027023,문래역,164
A15076801,문래역,143
A15083404,문래역,0
A15083602,문래역,66
A15083603,문래역,190
A15009402,신도림역,412
A10026197,도림천역,395
A15009502,도림천역,183
A15009503,도림천역,464
A15009505,도림천역,293
A10024925,도림천역,405
A15009602,도림천역,472
A15009603,도림천역,380
A15009604,도림천역,472
A15009605,도림천역,380
A15009606,도림천역,489
A15086201,양평역,377
A15086202,양평역,306
A15010202,양평역,247
A15010203,양평역,384
A10021291,양평역,5
A10026457,양평역,90
A15010301,양평역,94
A15010303,양평역,4
A15010304,영등포구청역,358
A15010305,당산역,451
A15086603,선유도역,291
A15086702,선유도역,39
A15010501,선유도역,134
A15010502,선유도역,57
A15010601,신목동역,355
A15010602,선유도역,433
A10021210,신풍역,0
A10022974,신길역,193
A10026182,신풍역,91
A10027073,신풍역,3
A15005001,신길역,221
A15005602,신풍역,238
A15005603,신풍역,339
A15083701,대방역,157
A15085404,보라매역,448
A15086004,신풍역,226
A15086006,신풍역,474
A15086007,신풍역,167
A10021177,대림(구로구청)역,249
A10023516,구로디지털단지역,362
A10024725,신풍역,472
A10024829,대림(구로구청)역,310
A10025122,구로디지털단지역,40
A10026761,구로디지털단지역,95
A10027935,대림(구로구청)역,192
A15007002,구로디지털단지역,106
A15081105,신도림역,243
A15081107,신도림역,328
A15081606,대림(구로구청)역,59
A15095002,대림(구로구청)역,471
A10024524,노량진역,132
A15603205,상도역(7호선),330
A15605001,노량진역,345
A15605002,노들역,390
A15605003,노량진역,345
A15605103,상도역(7호선),263
A10024365,상도역(7호선),114
A10025768,상도역(7호선),43
A10027472,장승배기역(7호선),216
A10027614,장승배기역(7호선),35
A10027633,장승배기역(7호선),220
A15603001,상도역(7호선),216
A15603002,상도역(7호선),299
A15603003,상도역(7호선),272
A15603004,상도역(7호선),466
A15603006,숭실대입구(살피재)역,79
A15603008,숭실대입구(살피재)역,249
A15603009,상도역(7호선),291
A15603203,상도역(7호선),410
A15603204,장승배기역(7호선),246
A15603206,장승배기역(7호선),245
A15603502,숭실대입구(살피재)역,346
A15671801,장승배기역(7호선),246
A15678101,숭실대입구(살피재)역,410
A15678102,숭실대입구(살피재)역,253
A15678103,숭실대입구(살피재)역,86
A15683601,숭실대입구(살피재)역,233
A15683901,신대방삼거리역,195
A10026873,노들역,49
A15605102,노들역,384
A15606001,노들역,194
A15606002,노들역,143
A15606003,노들역,220
A15606004,노들역,139
A15606007,노들역,39
A10025867,흑석(중앙대입구)역,499
A15679105,흑석(중앙대입구)역,99
A15679107,흑석(중앙대입구)역,193
A15679108,흑석(중앙대입구)역,388
A15685702,흑석(중앙대입구)역,425
A15608001,동작(현충원)역,435
A10022181,남성역(7호선),299
A10026299,남성역(7호선),373
A10027495,이수역(7호선),6
A15609002,남성역(7호선),372
A15609003,낙성대역,454
A15609005,남성역(7호선),161
A15609006,총신대입구(이수)역,497
A15609008,남성역(7호선),298
A15609303,남성역(7호선),326
A15609306,남성역(7호선),358
A15609401,낙성대역,342
A15609501,남성역(7호선),139
A15677204,총신대입구(이수)역,170
A15677501,남성역(7호선),24
A15681501,총신대입구(이수)역,170
A15681502,총신대입구(이수)역,170
A15681503,총신대입구(이수)역,170
A15681802,남성역(7호선),258
A10023859,대방역,65
A15602002,보라매역,123
A15602007,대방역,84
A15676512,대방역,305
A15681103,대방역,135
A15681104,대방역,352
A15681105,대방역,318
A15681106,대방역,189
A15681108,대방역,305
A15681110,대방역,466
A10021100,보라매역,222
A10022217,구로디지털단지역,346
A10023551,구로디지털단지역,182
A10024098,신대방삼거리역,55
A15601003,신대방삼거리역,384
A15601102,신풍역,425
A15601103,신대방역,360
A15601105,신풍역,424
A15601201,보라매역,363
A15670001,구로디지털단지역,372
A15685206,신대방역,347
A10021647,서울대입구(관악구청)역,398
A10021687,낙성대역,78
A10021724,서울대입구(관악구청)역,372
A10023372,서울대입구(관악구청)역,110
A10024638,서울대입구(관악구청)역,488
A10024894,봉천역,347
A10026710,서울대입구(관악구청)역,190
A15105005,서울대입구(관악구청)역,459
A15105006,낙성대역,268
A15105008,낙성대역,485
A15105303,숭실대입구(살피재)역,469
A15106001,서울대입구(관악구청)역,398
A15106901,봉천역,109
A15176602,서울대입구(관악구청)역,379
A15181602,낙성대역,474
A15184101,봉천역,406
A10021742,신림역,53
A10022424,구로디지털단지역,396
A10022801,신림역,11
A15101101,신림역,272
A15101802,신대방역,326
A15178401,신대방역,381
A15190301,구로디지털단지역,193
A10020361,이수역(7호선),71
A10021518,총신대입구(이수)역,361
A10023272,내방역,186
A10024857,방배역,206
A10025927,방배역,313
A10026154,이수역(7호선),17
A10027585,총신대입구(이수)역,297
A13706303,방배역,170
A13770801,내방역,471
A13771001,이수역(7호선),129
A13771601,방배역,150
A13782602,구반포역,379
A13782803,구반포역,459
A13784401,내방역,337
A13785201,총신대입구(이수)역,157
A13785203,총신대입구(이수)역,78
A13785301,사당역,230
A13785302,사당역,1
A13713002,양재시민의숲역,392
A10020770,신사역,311
A10020999,반포역,9
A10022466,잠원역,206
A10024913,고속터미널역,74
A10025418,신사역,414
A10026004,잠원역,180
A10026227,잠원역,328
A10026977,논현역,349
A10027439,잠원역,82
A13703011,신사역,363
A13703019,신사역,298
A13703027,반포역,26
A13779432,반포역,91
A13790604,논현역,146
A13790612,신사역,422
A13790703,잠원역,300
A13790706,잠원역,110
A13790709,잠원역,104
A13790713,잠원역,188
A13790714,잠원역,457
A13790716,잠원역,279
A13790717,잠원역,413
A13790721,잠원역,52
A13790722,잠원역,214
A13790828,고속터미널역,44
A13790902,잠원역,317
A13790910,잠원역,317
A13790929,고속터미널역,332
A10022556,신반포역,31
A10024254,사평역,204
A10024646,고속터미널역,232
A10025550,고속터미널역,382
A10026015,사평역,110
A10026051,사평역,193
A10026342,고속터미널역,410
A10027205,신반포역,202
A13704104,사평역,1
A13704404,고속터미널역,122
A13770105,고속터미널역,105
A13776301,사평역,14
A13776508,신반포역,0
A13776509,신반포역,6
A13776510,신반포역,139
A13780402,고속터미널역,159
A13780403,고속터미널역,301
A10020455,남부터미널(예술의전당)역,301
A10020535,남부터미널(예술의전당)역,39
A10021305,강남역,477
A10021789,서초역,35
A10021828,양재(서초구청)역,279
A10022209,강남역,217
A10022474,남부터미널(예술의전당)역,138
A10022539,남부터미널(예술의전당)역,160
A10023049,양재(서초구청)역,112
A10023694,강남역,152
A10024156,서초역,179
A10024574,남부터미널(예술의전당)역,295
A10025375,교대(법원검찰청)역,91
A10027221,강남역,329
A13707003,교대(법원검찰청)역,231
A13707006,교대(법원검찰청)역,33
A13707009,신논현역,261
A13707010,남부터미널(예술의전당)역,13
A13707016,교대(법원검찰청)역,269
A13707019,남부터미널(예술의전당)역,487
A13770608,서초역,63
A13770609,남부터미널(예술의전당)역,52
A13770610,남부터미널(예술의전당)역,296
A13770611,남부터미널(예술의전당)역,205
A13775102,강남역,137
A13785604,강남역,256
A13785607,신논현역,349
A13785705,강남역,143
A13786601,남부터미널(예술의전당)역,258
A13786606,남부터미널(예술의전당)역,106
A13786704,남부터미널(예술의전당)역,210
A13787105,서초역,292
A13788003,교대(법원검찰청)역,389
A13788201,사평역,391
A13788203,교대(법원검찰청)역,314
A13788206,교대(법원검찰청)역,259
A13788208,사평역,490
A13792001,교대(법원검찰청)역,199
A13792306,양재(서초구청)역,388
A10021281,한티역,444
A10022749,언주역,250
A10024820,선릉역,331
A13508001,언주역,19
A13508002,역삼역,373
A13508003,강남역,142
A13508005,강남역,494
A13508006,선릉역,285
A13508009,선릉역,468
A13508010,강남역,77
A13508011,한티역,347
A13508013,강남역,246
A13579501,한티역,326
A13579503,한티역,21
A13579504,선릉역,366
A13579505,한티역,232
A13579506,선릉역,194
A13592002,역삼역,422
A13592601,한티역,456
A13592604,한티역,369
A13592605,한티역,228
A13592706,한티역,110
A10022859,구룡역,389
A10023348,대모산입구,279
A10023996,구룡역,174
A10025675,구룡역,479
A13524004,구룡역,274
A13524005,구룡역,457
A13524009,대모산입구,6
A13580001,구룡역,40
A13580002,구룡역,137
A13580602,구룡역,274
A13593908,대모산입구,6
A13594007,대모산입구,6
A13599301,대모산입구,1
A13599303,대모산입구,1
A13599402,개포동역,79
A10021563,청담역,306
A10025755,청담역,254
A13510001,청담역,144
A13510003,청담역,463
A13510005,청담역,53
A13510006,청담역,155
A13510007,청담역,215
A13510103,청담역,283
A13510201,청담역,289
A13510202,강남구청역,403
A13510203,강남구청역,9
A10022130,봉은사역,183
A10023020,선릉역,97
A10023939,강남구청역,194
A10024435,삼성중앙역,421
A10026350,삼성중앙역,203
A13509001,강남구청역,162
A13509003,봉은사역,78
A13509004,강남구청역,263
A13509005,강남구청역,77
A13509006,강남구청역,8
A13509007,청담역,107
A13509009,청담역,81
A13509010,강남구청역,204
A13509012,청담역,144
A13509013,봉은사역,166
A13509014,봉은사역,324
A13550701,강남구청역,307
A13570501,삼성중앙역,23
A13587603,선릉역,109
A10024799,대치역,477
A10024815,한티역,2
A13528001,선릉역,286
A13528003,한티역,261
A13528004,대치역,52
A13528005,선릉역,347
A13528102,한티역,3
A13528103,도곡역,2
A13528105,도곡역,0
A13583402,학여울역,249
A13583403,학여울역,303
A13583404,학여울역,38
A13583507,대치역,2
A13583604,대치역,57
A10021034,학동역,266
A10022476,신논현역,255
A10023129,신논현역,93
A10024035,강남구청역,23
A10024501,학동역,46
A13501001,강남구청역,223
A13501002,학동역,110
A13501004,신사역,131
A13501007,강남구청역,313
A13501008,신논현역,146
A13582002,강남구청역,309
A13583301,언주역,367
A13511004,압구정역,152
A13511101,압구정역,469
A13511201,압구정로데오역,469
A13551103,압구정로데오역,125
A13590602,압구정로데오역,27
A10023547,대모산입구,246
A10027571,대청역,223
A13523001,일원역,254
A13523003,일원역,0
A13523004,일원역,1
A13523005,일원역,0
A13594203,일원역,147
A13594402,대청역,98
A13594403,대청역,1
A13594701,일원역,361
A13594702,일원역,85
A13522003,수서역,30
A13522004,일원역,343
A13522006,수서역,67
A13522007,일원역,114
A13552001,수서역,65
A13588402,수서역,96
A13588601,수서역,307
A10020848,매봉역,5
A10024793,매봉역,171
A13527001,양재(서초구청)역,144
A13527003,매봉역,313
A13527004,매봉역,73
A13527005,매봉역,300
A13527006,매봉역,468
A13527008,매봉역,439
A13527010,양재(서초구청)역,335
A13527011,도곡역,227
A13527013,매봉역,184
A13527014,매봉역,237
A13527016,매봉역,21
A13527017,도곡역,85
A13527018,양재(서초구청)역,9
A13527203,한티역,18
A13550403,매봉역,467
A13550502,도곡역,224
A13585401,매봉역,53
A13585402,도곡역,1
A13585403,도곡역,270
A13586101,양재(서초구청)역,408
A13586102,양재(서초구청)역,479
A10027523,종합운동장,73
A13822001,잠실(송파구청)역,388
A13822002,잠실새내역,4
A13822003,잠실새내역,29
A13822004,잠실새내역,20
A13822301,잠실(송파구청)역,414
A13822701,종합운동장,141
A13822702,종합운동장,292
A13822902,삼전역,241
A13879102,잠실(송파구청)역,17
A13886701,삼전역,49
A13824001,잠실나루역,149
A13824003,잠실(송파구청)역,71
A13824005,잠실나루역,0
A13824006,잠실나루역,29
A13872502,잠실(송파구청)역,16
A13872503,잠실나루역,182
A13872504,잠실나루역,0
A10021523,강동구청역,378
A10025467,강동구청역,250
A10025632,강동구청역,287
A13804002,강동구청역,432
A13804003,천호(풍납토성)역,329
A13804004,강동구청역,136
A13887301,천호(풍납토성)역,485
A13887403,강동구청역,298
A13887405,강동구청역,373
A10020796,송파역,297
A13817001,오금역,499
A13817101,송파나루역,355
A13885102,송파나루역,348
A13885303,방이역,454
A13885304,송파나루역,499
A13885306,오금역,377
A10027881,석촌역,422
A13819001,석촌역,172
A10021157,삼전역,382
A10021256,경찰병원역,123
A10021390,가락시장역,139
A13816001,오금역,229
A13816002,송파역,331
A13816005,경찰병원역,185
A13816101,송파역,95
A13816202,개농역,196
A13880105,오금역,346
A13880204,송파역,478
A13880406,가락시장역,97
A13880407,가락시장역,152
A13880603,문정역,221
A13880701,경찰병원역,330
A13880806,경찰병원역,166
A13881005,개농역,52
A13881103,개농역,109
A13881204,개농역,474
A13895503,경찰병원역,135
A10022995,문정역,195
A10024172,문정역,257
A10027346,장지역,147
A13820002,거여역,414
A13820004,경찰병원역,469
A13820005,장지역,228
A13820201,가락시장역,79
A13882401,문정역,389
A13882402,문정역,445
A10023296,장지역,399
A13821001,장지역,418
A13821003,장지역,296
A13821004,장지역,301
A13821005,장지역,185
A13821006,장지역,75
A13821007,장지역,63
A13876108,장지역,454
A13876112,장지역,60
A10021457,한성백제역,344
A10022027,한성백제역,145
A10026209,한성백제역,198
A13805001,방이역,20
A13805002,둔촌오륜역,3
A13883601,방이역,216
A13883602,방이역,249
A10021425,방이역,364
A10022649,개농역,467
A13813002,개농역,491
A13813003,개농역,217
A13813004,개농역,17
A13813005,개농역,166
A13813006,방이역,177
A13813010,방이역,30
A13873701,방이역,177
A13886009,개농역,16
A10023887,마천역,226
A10024655,거여역,220
A10024787,마천역,77
A13811202,거여역,310
A13811203,거여역,377
A13811204,거여역,446
A13811205,거여역,437
A13811206,거여역,161
A13881302,거여역,321
A13881603,거여역,31
A10026961,마천역,342
A13812002,마천역,0
A13812005,마천역,363
A10021408,굽은다리(강동구민회관앞)역,135
A10025415,명일역,2
A13407002,굽은다리(강동구민회관앞)역,295
A13407104,명일역,216
A13407201,고덕역,352
A13407202,고덕역,65
A13407204,고덕역,57
A13478601,고덕역,354
A13478602,고덕역,165
A13482505,고덕역,285
A13482603,고덕역,362
A13482801,명일역,462
A13483002,명일역,192
A10024562,상일동역,114
A13408003,고덕역,256
A13480401,고덕역,139
A10024420,강일역,500
A10025010,상일동역,80
A13472701,강일역,233
A10020988,길동역,301
A13470101,굽은다리(강동구민회관앞)역,482
A13470102,강동역,222
A13470104,강동역,236
A13481305,길동역,272
A10021603,중앙보훈병원역,335
A10021705,중앙보훈병원역,214
A13406003,중앙보훈병원역,442
A13406005,중앙보훈병원역,480
A13406201,둔촌동역,314
A13406204,둔촌동역,401
A13406205,중앙보훈병원역,320
A13470502,중앙보훈병원역,283
A13470503,중앙보훈병원역,364
A13470504,중앙보훈병원역,170
A13481802,중앙보훈병원역,309
A10023046,암사역,320
A10025174,암사역,97
A13405002,암사역,278
A13405003,명일역,246
A13405201,암사역,86
A13485302,명일역,240
A13485401,명일역,249
A10022996,천호(풍납토성)역,104
A13403001,천호(풍납토성)역,384
A13403002,강동구청역,223
A13403005,둔촌동역,400
A13403101,강동구청역,346
A13484004,강동역,14
A13484102,강동역,91
A13484201,강동역,243
A13484501,둔촌동역,256
A10020603,강동역,187
A10021534,굽은다리(강동구민회관앞)역,196
A10022000,강동역,121
A10022202,천호(풍납토성)역,398
A10023670,천호(풍납토성)역,54
A10023979,강동역,322
A10024134,암사역,137
A10026852,강동역,18
A10027948,강동역,16
A13402001,천호(풍납토성)역,211
A13402002,강동역,191
A13402003,천호(풍납토성)역,181
A13402004,굽은다리(강동구민회관앞)역,136
A13402005,길동역,331
A13402103,명일역,387
A13402204,암사역,306
A13402304,강동역,191
A13402305,강동역,311
A13472201,강동역,311
A13475001,천호(풍납토성)역,287
A13486102,굽은다리(강동구민회관앞)역,0
A13486701,암사역,97
A13486705,암사역,255
A13487102,강동역,14
A13410002,강일역,297
A13410005,강일역,268
A13410007,강일역,48
A13410011,강일역,131
A13410012,강일역,308
A40007001,신포역,374
A40010101,신포역,386
A40010302,숭의역,487
A40014001,숭의역,393
A10021200,인천역,1
A40022101,인천역,435
A40034008,운서역,330
A40034015,운서역,264
A40104001,동인천역,368
A40104002,동인천역,416
A40104007,동인천역,245
A10023677,동인천역,141
A40107001,도원역,485
A40107301,도원역,467
A10020903,숭의역,37
A10022349,도원역,319
A10023098,도원역,391
A10023846,도원역,51
A40281301,제물포역,464
A10027496,인하대역,4
A40202205,숭의역,469
A40273202,숭의역,144
A40279301,숭의역,258
A40283301,숭의역,381
A40283304,숭의역,126
A10022204,도화역,358
A10024527,도화역,397
A10024528,도화역,369
A40206001,도화역,18
A40271801,도화역,58
A40271903,도화역,56
A40272002,도화역,249
A10020588,간석역,297
A10021055,주안역,251
A10024133,주안역,267
A10024136,주안역,333
A10025225,시민공원역,280
A10026745,주안역,183
A10027516,주안역,34
A40220001,시민공원역,198
A40220002,주안역,406
A40220603,석바위시장역,256
A40274301,시민공원역,136
A40283601,주안역,245
A40283602,주안역,298
A40270205,인천터미널역,171
A40270503,인천터미널역,346
A40270602,인천터미널역,220
A40270704,인천터미널역,47
A40270806,인천터미널역,46
A40271507,인천터미널역,236
A40271701,인천터미널역,55
A40671609,송도역,444
A40671705,송도역,234
A40671906,송도역,247
A40678902,송도역,457
A40609002,선학역,407
A40670408,선학역,12
A40670509,선학역,83
A40670603,선학역,407
A40670604,선학역,407
A40680605,선학역,229
A40680606,선학역,229
A40680801,선학역,315
A40680807,선학역,343
A10020733,연수역,454
A10021078,연수역,454
A40670706,연수역,249
A40670804,연수역,492
A40671003,신연수,2
A40671105,신연수,2
A40671201,원인재역,351
A40676006,연수역,498
A40676101,원인재역,1
A40676206,원인재역,1
A40676305,원인재역,190
A40676307,원인재역,2
A40676607,신연수,185
A40676708,원인재역,71
A40676806,신연수,2
A40681303,연수역,359
A40681502,연수역,198
A40681703,원인재역,1
A40681704,원인재역,1
A40681802,원인재역,89
A40613002,동춘,71
A40613003,동춘,320
A40613207,동춘,1
A40670304,동막역,201
A40675305,동막역,2
A40675406,동춘,349
A40675503,동춘,126
A40675601,동막역,365
A40680104,연수역,451
A10022494,국제업무지구역,34
A10022964,송도달빛축제공원역,144
A10023434,인천대입구역,120
A10024573,인천대입구역,286
A10025399,송도달빛축제공원역,439
A10025745,캠퍼스타운역,157
A10025853,인천대입구역,78
A10026038,지식정보단지역,379
A10026547,테크노파크역,485
A10026678,센트럴파크역,403
A10026679,인천대입구역,187
A10026681,인천대입구역,341
A10027653,캠퍼스타운역,111
A10027898,센트럴파크역,18
A40673902,지식정보단지역,196
A40673903,지식정보단지역,212
A40673904,센트럴파크역,372
A40673910,센트럴파크역,415
A40673916,캠퍼스타운역,355
A40673917,캠퍼스타운역,346
A40673921,테크노파크역,335
A40684005,캠퍼스타운역,47
A40684007,캠퍼스타운역,30
A40684008,캠퍼스타운역,31
A40684009,지식정보단지역,249
A40684011,지식정보단지역,24
A10021096,모래내시장역,24
A10021432,예술회관역,464
A10024475,석천사거리역,293
A10026348,예술회관역,247
A10026349,인천시청역,198
A40576101,석천사거리역,1
A40582301,석천사거리역,2
A40582303,모래내시장역,2
A40582802,모래내시장역,112
A10021369,석천사거리역,446
A10021726,간석역,266
A10025737,간석역,402
A10026927,간석오거리역,1
A40523202,석천사거리역,7
A40570505,인천시청역,117
A40570603,인천시청역,79
A40571402,석바위시장역,324
A40571602,간석역,233
A40571701,석천사거리역,128
A40575206,간석역,76
A40581004,간석역,296
A40581005,간석역,196
A10024729,만수역,336
A40574002,남동구청역,177
A40574101,남동구청역,198
A40575501,모래내시장역,184
A40576206,남동구청역,390
A40576409,남동구청역,312
A40576502,남동구청역,126
A40577003,남동구청역,72
A40577101,만수역,110
A40577102,만수역,117
A40577105,만수역,117
A40577106,만수역,355
A40577204,남동구청역,72
A10025792,호구포역,486
A40530006,인천논현역,240
A40530010,소래포구역,284
A40530011,인천논현역,53
A40530012,소래포구역,273
A40530016,인천논현역,296
A40530018,호구포역,183
A40530021,호구포역,156
A40572701,인천논현역,225
A40579607,소래포구역,468
A40579702,소래포구역,231
A40579703,호구포역,396
A40579704,소래포구역,186
A40579706,소래포구역,185
A40579710,인천논현역,222
A40579711,소래포구역,298
A40579712,소래포구역,61
A40579713,소래포구역,77
A40585002,소래포구역,454
A10020841,부평구청역,201
A10025446,부평역,27
A10027238,부평구청역,308
A40301001,부평역,415
A40301003,부평역,444
A40373403,부평시장역,273
A40373904,부평시장역,381
A40376107,부평시장역,222
A40376206,부평시장역,223
A40376305,부평시장역,319
A40381802,부평시장역,390
A40383101,동수역,16
A10023192,백운역,22
A10023810,동암역,417
A40313002,백운역,19
A40313104,백운역,384
A40375901,부평삼거리역,386
A40384301,백운역,379
A40384303,백운역,448
A10024583,산곡역,0
A40302003,산곡역,432
A40302004,산곡역,161
A40374809,산곡역,428
A40377310,산곡역,153
A40377312,산곡역,153
A40377504,백운역,455
A40378505,산곡역,496
A40383303,산곡역,298
A10022453,부평구청역,335
A40303001,부평구청역,207
A40376510,부평구청역,456
A40376609,산곡역,479
A40385702,산곡역,306
A40385805,부평구청역,192
A40385806,부평구청역,295
A40385808,부평구청역,248
A40309008,삼산체육관역,245
A40309009,삼산체육관역,325
A40309013,굴포천역,147
A40309015,굴포천역,463
A40375703,삼산체육관역,283
A40370404,갈산역,149
A40370607,부평구청역,292
A40370610,갈산역,330
A40370702,굴포천역,282
A40370906,부평구청역,276
A40371003,굴포천역,282
A40375111,굴포천역,452
A40376904,굴포천역,282
A40378608,부평구청역,59
A40378701,부평구청역,59
A40378805,부평구청역,197
A40378909,굴포천역,357
A40380101,갈산역,216
A40380103,갈산역,43
A10021405,굴포천역,181
A40372301,부개역,107
A40372401,부개역,181
A40372608,굴포천역,269
A40372706,삼산체육관역,266
A40372911,삼산체육관역,152
A40373010,삼산체육관역,375
A40375607,삼산체육관역,152
A40379801,부개역,77
A40381301,굴포천역,209
A40381302,굴포천역,13
A40381304,굴포천역,86
A40381402,부개역,19
A40772110,작전역,404
A10021370,계산역,338
A10022356,계산역,359
A10022370,계산역,209
A10024960,계산역,461
A40705001,경인교대역,370
A40776202,계산역,367
A40776316,임학역,356
A40780003,계산역,425
A40780004,계산역,328
A40780006,계산역,218
A40780009,계산역,458
A40780208,계산역,23
A40780211,계산역,183
A40780702,계산역,232
A40781205,계산역,499
A40777114,작전역,438
A40781605,작전역,165
A40781711,경인교대역,483
A40782304,작전역,380
A10026908,임학역,228
A40770902,임학역,289
A40770904,임학역,391
A10021346,임학역,192
A40732001,임학역,193
A40770604,임학역,10
A40770703,임학역,10
A40770805,임학역,262
A40776802,임학역,135
A10021274,박촌역,303
A40733003,박촌역,83
A40772301,박촌역,294
A40772303,박촌역,98
A40772304,박촌역,8
A40772203,귤현역,185
A40484701,검암역,347
A40484704,검바위역,405
A40484709,검암역,262
A40484710,검암역,104
A40420002,아시아드경기장역,483
A40483603,아시아드경기장역,291
A40483605,서구청역,314
A40483806,아시아드경기장역,487
A40479104,서구청역,405
A40479205,서구청역,200
A40483401,서구청역,61
A40483502,서구청역,483
A40483503,서구청역,431
A10022881,가정중앙시장역,271
A10026367,가정역,475
A40423002,가정중앙시장역,256
A40423302,가정중앙시장역,438
A40470401,가정중앙시장역,242
A10026262,가정역,466
A40478504,가정역,268
A40482302,석남역,305
A10023028,가재울역,119
A40425302,인천가좌역,22
A40481303,인천가좌역,313
A10023072,검단사거리역,269
A40426013,마전역,190
A40426015,마전역,381
A40426016,완정역,184
A40426017,마전역,1
A40472719,완정역,262
A40472809,완정역,470
A40473121,마전역,141
A40473124,마전역,284
A10026787,독정역,39
A40431001,완정역,352
A40431004,완정역,299
A40471005,독정역,135
A40472208,독정역,381
A40472601,독정역,111
A40472602,완정역,243
A40472603,완정역,97
A40473206,완정역,245
A40477109,완정역,114
A40433001,검단사거리역,408
A40433002,검단사거리역,486
A10024329,검단오류역,397
A40429001,검단사거리역,434
A40429002,검단사거리역,358
A40429003,검단사거리역,189
A40429005,검단사거리역,17
A40473606,검단사거리역,444
A10022938,화서역,282
A10021439,성균관대역,167
A44070509,성균관대역,404
A44072413,성균관대역,432
A44072611,성균관대역,150
A44073707,성균관대역,388
A44082602,성균관대역,245
A44071301,성균관대역,374
A44072307,성균관대역,331
A10027871,수원역,412
A10027921,수원역,425
A10027961,매교역,309
A44174403,매교역,105
A44175402,세류역,250
A44175501,매교역,458
A44175502,매교역,373
A44176001,수원역,103
A44172605,고색역,205
A44172606,고색역,389
A44172708,고색역,290
A44172807,고색역,178
A44172904,고색역,76
A44176406,고색역,140
A44180402,고색역,406
A10027422,오목천역,334
A44175602,오목천역,354
A44175707,오목천역,84
A44176505,오목천역,271
A44176506,오목천역,247
A44176609,오목천역,108
A10024203,수원역,347
A44176304,수원역,221
A10020918,세류역,332
A10025605,수원시청역,292
A10027421,세류역,437
A44171716,매탄역,68
A44172017,매탄역,403
A44172306,매탄역,365
A44172325,매탄역,125
A44173619,매탄역,144
A44173909,매탄역,461
A44174010,매탄역,313
A44174207,매탄역,391
A44174213,매탄역,181
A44182326,수원시청역,461
A44222001,매교역,103
A44278301,수원역,123
A10024604,수원역,324
A44271801,화서역,249
A44271806,화서역,204
A44271810,화서역,465
A44271815,화서역,388
A44278207,화서역,79
A44278211,화서역,166
A44278215,화서역,79
A44287003,화서역,319
A44287004,화서역,398
A44287009,화서역,246
A10022314,수원시청역,348
A10025271,수원시청역,485
A44277304,수원시청역,144
A44379404,매탄역,432
A44379502,매탄역,296
A44379606,매탄역,37
A44379709,매탄역,23
A44379801,매탄역,420
A44380407,매탄역,236
A10025483,광교중앙역,473
A10020960,광교중앙역,6
A10027037,광교역,263
A10027814,광교중앙역,289
A10027910,광교역,207
A10028125,광교중앙역,40
A44376002,광교역,326
A44376004,광교역,447
A44376005,광교역,342
A44376006,광교역,372
A44376009,광교중앙역,3
A44376010,광교중앙역,195
A44376011,광교중앙역,267
A44376012,광교중앙역,204
A44376014,광교중앙역,457
A44376015,광교중앙역,380
A44328004,상현역,448
A44376001,상현역,266
A10026903,망포역,353
A44347003,영통역,8
A44347004,청명역,13
A44347005,청명역,13
A44347007,영통역,189
A44347008,망포역,408
A44347010,청명역,234
A44347011,영통역,130
A44347012,망포역,430
A44347013,영통역,329
A44347014,청명역,269
A44347016,청명역,6
A44347017,망포역,408
A44347019,망포역,212
A44347020,청명역,462
A44347021,청명역,135
A44347022,영통역,126
A44347023,영통역,376
A44347024,영통역,386
A44347025,망포역,71
A44347026,청명역,13
A44372702,영통역,461
A10026799,망포역,479
A44370701,망포역,261
A44370702,망포역,61
A44370703,망포역,257
A44370704,망포역,443
A44376808,망포역,302
A44376911,망포역,487
A44377009,망포역,41
A10021470,산성역,409
A10022065,산성역,452
A10024631,산성역,72
A46170904,단대오거리역,242
A46172303,신흥역,333
A46172402,신흥역,324
A46181001,단대오거리역,321
A10028128,경원대역,2
A46182801,경원대역,221
A46170702,태평역,162
A46170703,모란역,209
A46170401,남한산성입구역,63
A46170403,남한산성입구역,157
A46172504,남한산성입구역,246
A46180001,남한산성입구역,233
A46180102,단대오거리역,101
A10024817,남위례역,195
A10025589,남위례역,360
A10027720,남위례역,250
A46282401,수진역,126
A10023496,단대오거리역,451
A10023503,단대오거리역,198
A10023514,단대오거리역,428
A46280502,남한산성입구역,177
A46215001,남한산성입구역,378
A46270901,남한산성입구역,161
A10023567,신흥역,175
A10023626,신흥역,139
A10023631,신흥역,149
A10023634,신흥역,271
A46283501,신흥역,365
A46283502,단대오거리역,130
A46283503,신흥역,375
A46385410,수내역,209
A46385411,수내역,147
A46391907,수내역,209
A46392001,수내역,477
A46392104,수내역,209
A46392205,수내역,147
A46392206,수내역,147
A46374429,정자역,218
A46378521,정자역,270
A46378626,정자역,359
A46381114,정자역,334
A46384716,수내역,267
A46384802,수내역,316
A46386328,정자역,463
A46386703,정자역,392
A46386705,정자역,402
A46386710,정자역,435
A46377208,서현역,100
A46377610,서현역,104
A46373315,성남역,486
A46373404,성남역,9
A46373614,성남역,274
A46373705,성남역,11
A46379708,이매역,411
A46379807,이매역,13
A46382903,이매역,4
A46382913,이매역,0
A46383002,이매역,347
A46383010,서현역,380
A46383012,이매역,68
A46383017,서현역,261
A10022651,야탑역,165
A46378822,야탑역,349
A46379226,야탑역,251
A46382710,야탑역,206
A46391625,야탑역,490
A46392320,야탑역,322
A46392716,야탑역,194
A46392924,야탑역,202
A46393018,야탑역,465
A10020890,판교역,124
A46340004,성남역,2
A46340005,성남역,239
A46340008,성남역,177
A46340010,판교역,180
A10027703,판교역,96
A10027704,판교역,103
A46341010,판교역,261
A46374603,판교역,258
A46374604,성남역,16
A46374605,판교역,463
A46374606,판교역,131
A46374607,판교역,307
A46374608,성남역,335
A46371606,미금역,130
A46371710,미금역,212
A46371804,미금역,27
A46372007,미금역,254
A46372305,미금역,449
A46372312,미금역,257
A46372411,미금역,354
A46372509,미금역,412
A46385001,미금역,337
A46386903,미금역,28
A46386908,미금역,413
A10023454,오리역,379
A46370516,오리역,386
A46373915,미금역,232
A46374321,미금역,304
A46374323,미금역,444
A46380803,미금역,37
A46380808,미금역,156
A46381002,오리역,388
A10021354,의정부중앙역,280
A10021459,의정부역,103
A10021609,경전철의정부역,250
A10021618,의정부역,159
A10022396,의정부중앙역,271
A10023719,발곡역,354
A10023988,의정부역,435
A10024108,의정부역,48
A10024129,의정부역,313
A10024738,의정부중앙역,264
A10024753,의정부역,337
A10025036,경전철의정부역,86
A10025113,의정부중앙역,97
A10025334,의정부중앙역,33
A10025401,의정부중앙역,200
A10025405,의정부역,360
A10025407,의정부중앙역,312
A10025916,범골역,429
A10026117,의정부역,283
A10026998,범골역,444
A10027612,의정부중앙역,193
A10027613,의정부중앙역,209
A10028152,의정부시청역,254
A10028168,의정부역,293
A10028176,의정부역,23
A48001001,의정부역,23
A48001002,의정부역,188
A48076301,범골역,354
A48084401,의정부중앙역,1
A10021559,망월사역,104
A10021985,망월사역,31
A10023532,장암역,427
A10025382,망월사역,151
A10026718,회룡역,220
A10027231,망월사역,42
A48002003,망월사역,255
A48002004,회룡역,241
A48002005,회룡역,21
A48002007,회룡역,234
A48002009,회룡역,127
A48002012,망월사역,180
A48002015,회룡역,93
A48002016,망월사역,393
A48002017,망월사역,25
A48002018,회룡역,296
A48002019,발곡역,156
A48002022,범골역,180
A48002023,범골역,69
A48002024,범골역,112
A48002025,망월사역,303
A48002026,회룡역,278
A48002027,회룡역,326
A48002028,회룡역,72
A48002029,범골역,90
A48002030,범골역,192
A48002031,장암역,442
A48002033,범골역,94
A48002034,망월사역,84
A48002035,망월사역,321
A48002036,회룡역,291
A48002037,발곡역,156
A48077201,회룡역,22
A48077202,회룡역,115
A48079002,회룡역,0
A48086801,회룡역,313
A48003008,발곡역,191
A48076706,발곡역,72
A48077007,발곡역,191
A48093804,도봉산역,368
A10024700,새말역,478
A48007003,곤제역,294
A48007101,동오역,202
A48007111,발곡역,204
A48007216,동오역,12
A48073114,발곡역,113
A48073415,발곡역,305
A48074005,동오역,436
A48076402,동오역,300
A48076404,동오역,236
A48086409,효자역,198
A48091107,새말역,237
A48091214,새말역,56
A48091312,경기도청북부청사역,63
A48091508,새말역,21
A48093510,동오역,421
A10024736,송산역,105
A10025436,송산역,45
A48074207,송산역,196
A48074210,어룡역,201
A48075006,탑석역,104
A48075008,탑석역,308
A48075912,탑석역,158
A48076008,탑석역,414
A48083809,어룡역,339
A48090113,곤제역,11
A48071611,송산역,461
A48086104,송산역,361
A48086306,탑석역,82
A48090209,어룡역,99
A48090408,탑석역,44
A48090505,어룡역,164
A48090703,어룡역,221
A48093307,어룡역,165
A10021047,새말역,381
A48072308,효자역,363
A48086509,새말역,90
A48092405,효자역,147
A48092607,동오역,90
A48092612,동오역,189
A48092811,경기도청북부청사역,110
A48093010,경기도청북부청사역,247
A10025884,녹양역,462
A48010001,경전철의정부역,233
A48010002,가능역,322
A48071106,녹양역,384
A48081502,가능역,433
A48092201,의정부시청역,343
A10025897,녹양역,257
A48012005,녹양역,279
A48012009,녹양역,220
A48071008,녹양역,337
A48082604,녹양역,127
A10022076,안양역,412
A43001001,명학역,24
A43071005,안양역,16
A43071202,안양역,313
A43075306,안양역,82
A43075701,명학역,124
A43081801,금정역,423
A43083201,안양역,429
A10022170,석수역,311
A43004001,석수역,324
A43004002,관악역,367
A43070506,관악역,458
A43070604,석수역,29
A43070804,관악역,133
A43072101,석수역,98
A43073804,관악역,220
A43076003,관악역,132
A43080402,관악역,31
A43080405,관악역,145
A43080801,석수역,278
A43105002,안양역,460
A43171903,범계역,260
A43173304,범계역,235
A43173403,범계역,388
A43175702,범계역,233
A10027233,평촌역,469
A43106001,인덕원역,23
A43171701,인덕원역,192
A43174605,평촌역,311
A43174707,평촌역,366
A43175501,인덕원역,496
A43182901,평촌역,463
A43182909,평촌역,118
A10020480,범계역,377
A10022162,범계역,186
A43108005,범계역,202
A43172201,범계역,448
A43175109,범계역,442
A43175207,범계역,300
A43177403,범계역,83
A43177507,범계역,93
A43177605,범계역,276
A43181206,범계역,325
A43183606,범계역,260
A10025566,부천역,465
A10027593,부천역,257
A10027856,부천역,210
A10021411,춘의역,358
A10021869,부천종합운동장역,261
A42012002,춘의역,153
A42085801,춘의역,178
A10022193,춘의역,305
A42010001,역곡역,212
A42010202,역곡역,491
A42074301,역곡역,192
A42083303,역곡역,381
A42083401,역곡역,208
A10023844,부천시청역,257
A10025645,신중동역,386
A10027848,신중동역,365
A42002001,중동역,188
A42084301,신중동역,309
A42084706,부천시청역,436
A42084707,부천시청역,379
A42084708,부천시청역,237
A42084709,부천시청역,379
A42084801,부천시청역,235
A42084802,부천시청역,170
A42084803,부천시청역,66
A42084804,부천시청역,284
A42084902,부천시청역,375
A42084904,신중동역,262
A42084906,신중동역,391
A42084907,부천시청역,375
A42084908,부천시청역,375
A42085103,신중동역,280
A42085112,신중동역,68
A42085205,부천시청역,286
A42085206,부천시청역,286
A42085301,부천시청역,284
A42085504,신중동역,394
A42085508,신중동역,282
A42085510,신중동역,386
A10022903,삼산체육관역,329
A10023340,송내역,173
A10026006,송내역,99
A42003003,상동역,118
A42003005,상동역,225
A42003006,상동역,439
A42003007,상동역,298
A42003008,상동역,409
A42003009,상동역,223
A42003011,상동역,290
A42003013,상동역,150
A42003017,상동역,147
A42003020,상동역,264
A42003026,상동역,230
A42003030,상동역,365
A42070802,상동역,364
A42081304,송내역,428
A42081305,송내역,428
A42081306,송내역,428
A42081308,송내역,159
A42081601,상동역,203
A42086101,상동역,5
A42086401,상동역,290
A10021536,소사역사,38
A10024871,소사역사,0
A42223003,소사역사,206
A42270607,소새울역,313
A42270608,소새울역,399
A42280701,소사역,352
A42281104,소새울역,499
A42281203,소새울역,135
A42281205,소새울역,270
A10022188,역곡역,465
A10022201,역곡역,476
A42282601,역곡역,95
A10021847,중동역,499
A10025004,중동역,399
A10026894,송내역,166
A42204004,중동역,163
A42204005,중동역,72
A42281503,중동역,218
A42281704,중동역,28
A42122001,까치울역,305
A42182802,서해선종합운동장역,305
A10021022,원종역,391
A10021476,원종역,416
A10021986,원종역,427
A10022251,원종역,400
A42120003,원종역,372
A10022961,광명사거리역,437
A42385801,광명사거리역,97
A10021975,철산역(광명시청),478
A10023884,철산역(광명시청),140
A10024321,철산역(광명시청),240
A42303001,철산역(광명시청),287
A42303002,철산역(광명시청),389
A42303401,철산역(광명시청),287
A42370301,철산역(광명시청),414
A42370302,철산역(광명시청),255
A42372002,구일역,376
A42382901,구일역,103
A42382903,구일역,463
A42383508,철산역(광명시청),15
A42383601,철산역(광명시청),27
A42383705,철산역(광명시청),490
A42385005,독산역,454
A42370101,금천구청역,472
A42370104,금천구청역,410
A42382104,금천구청역,406
A42386002,금천구청역,412
A10025038,광명역,229
A10025825,광명역,47
A10026455,광명역,148
A10026890,광명역,49
A10026891,광명역,244
A10025872,서정리역,113
A10026167,서정리역,205
A10026243,서정리역,415
A10026341,서정리역,111
A10026699,서정리역,214
A10027216,서정리역,293
A10027217,서정리역,247
A10027288,서정리역,311
A10025585,서정리역,447
A10024225,서정리역,336
A10025918,서정리역,255
A10027530,서정리역,463
A10027644,서정리역,413
A45974506,서정리역,283
A45974614,서정리역,286
A10025636,송탄역,285
A10022050,송탄역,231
A10025351,송탄역,114
A10026756,송탄역,29
A10025532,평택역,364
A10025914,평택역,301
A10025978,평택역,102
A10026231,평택역,337
A10026823,평택역,272
A45082701,평택역,228
A10026730,평택역,480
A45076003,평택역,353
A45070601,평택역,427
A45070602,평택역,252
A45002008,평택역,234
A45076305,평택역,234
A10023007,서정리역,381
A10024202,서정리역,499
A10024209,서정리역,433
A48301003,지행역,489
A48302002,지행역,425
A48302007,지행역,180
A48370501,지행역,321
A48373909,지행역,181
A48373910,지행역,223
A48373911,지행역,492
A48374208,지행역,373
A48374903,지행역,58
A48375111,지행역,383
A48375210,지행역,230
A10022613,동두천중앙역,383
A48303001,동두천중앙역,456
A48303008,동두천중앙역,465
A48303010,동두천중앙역,444
A48303011,동두천중앙역,241
A48370315,지행역,286
A48370316,동두천중앙역,322
A42617204,사리역,464
A42682401,사리역,473
A42682402,사리역,109
A42682403,사리역,35
A42682405,사리역,50
A42682407,사리역,466
A42682408,사리역,275
A42689405,한대앞역,320
A42672901,사리역,279
A42681501,상록수역,326
A42681502,상록수역,465
A42681504,상록수역,215
A42681505,상록수역,446
A42683703,중앙역,454
A10020325,반월역,8
A10024858,반월역,280
A42621003,반월역,104
A10025832,중앙역,356
A42590609,고잔역,244
A42590612,중앙역,459
A42590613,중앙역,472
A42590616,고잔역,445
A42590617,중앙역,204
A42583803,신길온천역,254
A42583804,신길온천역,468
A10024221,원시역,168
A42586606,고잔역,463
A10025457,초지역,197
A10024568,선부역,266
A10025039,선부역,228
A10026028,달미역,0
A42514103,선부역,257
A42514105,선부역,207
A42514106,선부역,207
A42514202,선부역,222
A42514302,선부역,220
A42514303,선부역,423
A42575907,선부역,257
A42576201,선부역,221
A42576601,선부역,255
A42583104,선부역,402
A10023860,원흥역,423
A10023885,원흥역,269
A10024888,원흥역,0
A10025268,원흥역,190
A10026111,원흥역,39
A10027256,원흥역,489
A41204001,원흥역,383
A41204003,원흥역,159
A41202002,원당역,427
A41280801,원당역,200
A41280803,원당역,455
A41280805,원당역,227
A41280806,원당역,455
A41280807,원당역,490
A10023100,지축역,404
A10024578,삼송역,151
A10027927,원흥역,217
A10028166,원흥역,439
A41281607,능곡역,253
A41281706,능곡역,356
A41281809,능곡역,234
A41282101,능곡역,26
A41282102,능곡역,447
A41227205,화정역,449
A41227208,화정역,261
A41273301,화정역,57
A41273302,화정역,78
A41275901,화정역,78
A41282702,화정역,57
A41282703,화정역,227
A41282711,화정역,470
A10024375,강매역,432
A41222002,능곡역,461
A41222005,강매역,67
A41222201,강매역,335
A41222202,행신역,301
A41222204,행신역,411
A41222205,행신역,232
A41222206,강매역,245
A41222207,강매역,359
A41222208,행신역,378
A41222209,강매역,96
A41222214,강매역,411
A41222216,강매역,422
A41222218,강매역,299
A41222301,강매역,279
A41222304,강매역,359
A41272401,강매역,480
A41282503,행신역,238
A41282510,행신역,87
A41282513,행신역,99
A10026142,풍산역,499
A41031501,풍산역,340
A41031504,풍산역,287
A41075901,풍산역,90
A41083704,마두역,165
A41083708,마두역,59
A41083710,마두역,185
A41070906,백마역,263
A41081002,백마역,329
A41081003,백마역,98
A41081007,백마역,56
A41081101,마두역,125
A41081102,마두역,295
A41081104,마두역,58
A41081106,마두역,292
A41081107,마두역,57
A41081108,마두역,57
A41081201,백마역,324
A10027517,백석역,161
A41036003,마두역,440
A41036005,마두역,453
A41036006,마두역,437
A41036009,백마역,300
A41036010,백마역,420
A41036012,백마역,425
A41036013,백석역,278
A41036015,백석역,173
A41078301,백마역,420
A41078305,풍산역,227
A41084202,풍산역,133
A10021289,일산역,453
A10023446,일산역,59
A41131002,일산역,229
A41131211,일산역,445
A41131218,일산역,314
A41131301,일산역,411
A41131307,일산역,72
A41131317,일산역,196
A41172608,일산역,255
A41182204,일산역,280
A41182213,일산역,211
A41182605,일산역,475
A41182606,일산역,236
A41182704,일산역,358
A41182705,일산역,444
A41182706,일산역,79
A41182709,일산역,280
A41182711,일산역,269
A41182712,일산역,270
A41183917,탄현역,471
A41183919,탄현역,496
A41137101,주엽역,406
A41137102,주엽역,218
A41137103,주엽역,415
A41137104,주엽역,223
A41137105,주엽역,410
A41137106,주엽역,280
A41137107,주엽역,488
A41137108,주엽역,475
A41137109,주엽역,391
A41137111,주엽역,253
A41137112,주엽역,242
A41137115,주엽역,53
A41137116,주엽역,50
A41137117,주엽역,446
A41137118,주엽역,256
A41137221,주엽역,450
A41173220,주엽역,263
A41174822,주엽역,48
A41183802,주엽역,239
A41183803,주엽역,435
A41183804,주엽역,435
A41183806,주엽역,411
A41183807,주엽역,48
A41183808,주엽역,390
A41183809,주엽역,282
A41183810,주엽역,474
A41183811,주엽역,450
A41183812,주엽역,252
A41183816,주엽역,450
A41183817,주엽역,263
A41183819,주엽역,55
A41132008,탄현역,344
A41132012,탄현역,431
A41132018,탄현역,283
A41178502,탄현역,339
A41178504,탄현역,31
A41184002,탄현역,464
A41184111,탄현역,450
A41184114,탄현역,286
A41184116,탄현역,246
A41170309,대화역,62
A41170708,대화역,278
A41180307,대화역,486
A41180510,대화역,65
A41180512,대화역,276
A41180513,대화역,62
A41180515,대화역,276
A41180614,대화역,65
A10022381,탄현역,380
A10024917,탄현역,128
A41180801,탄현역,290
A10022791,인덕원역,434
A10022794,정부과천청사역,465
A42780601,과천역,1
A42780602,과천역,222
A10024433,정부과천청사역,69
A42703002,정부과천청사역,376
A10025670,과천역,7
A42780002,과천역,124
A10024479,과천역,3
A42780401,과천역,5
A10024950,갈매역,353
A10026309,갈매역,77
A10026703,갈매역,342
A10026867,갈매역,434
A10027267,갈매역,370
A10027438,갈매역,365
A10027574,갈매역,268
A47101007,구리역,372
A47173421,구리역,274
A47173513,구리역,143
A47173605,구리역,442
A47174425,구리역,361
A47174523,구리역,161
A10024187,구리역,188
A10026983,평내호평역,287
A47278814,평내호평역,295
A47278815,평내호평역,495
A47278910,평내호평역,491
A47279101,평내호평역,425
A47279604,평내호평역,347
A47295707,평내호평역,332
A47273713,평내호평역,385
A47273901,평내호평역,428
A47293511,평내호평역,313
A10020713,금곡역,31
A47280404,금곡역,59
A47280407,금곡역,145
A47280903,금곡역,97
A10022872,별내역,269
A10023832,별내별가람역,348
A10024233,별내별가람역,456
A10024788,별내별가람역,202
A10025584,별내별가람역,154
A10027943,별내별가람역,250
A47274202,별내별가람역,462
A47274214,별내별가람역,32
A47274215,별내별가람역,1
A47206006,도농역,459
A47270906,도농역,11
A47271002,도농역,431
A47279205,도농역,11
A47279207,도농역,11
A47279408,도농역,11
A47288801,도농역,363
A47288802,도농역,386
A47288803,도농역,494
A47272515,덕소역,13
A47272602,덕소역,453
A47272716,덕소역,499
A47272813,덕소역,266
A47272914,덕소역,95
A47273009,덕소역,251
A47273106,덕소역,65
A47290101,덕소역,71
A47290103,덕소역,26
A47290104,덕소역,298
A47290107,덕소역,397
A47273310,도심역,311
A47273408,도심역,65
A47273522,도심역,86
A47273605,도심역,184
A47287811,도심역,301
A47290812,도심역,346
A47296220,도심역,436
A47294823,오남역,297
A47294804,진접역,255
A47294806,진접역,59
A47294810,진접역,334
A47294811,진접역,313
A47294816,진접역,319
A47294821,진접역,478
A47278208,마석역,486
A47278219,마석역,485
A47278620,천마산역,178
A47288124,오남역,416
A47274109,퇴계원역,429
A47274110,퇴계원역,409
A47274113,퇴계원역,177
A47274507,퇴계원역,98
A47282108,퇴계원역,134
A47282404,퇴계원역,231
A47282502,퇴계원역,131
A10023771,오산역,395
A44774513,오산역,347
A10024737,오산대역,126
A44729004,오산대역,284
A44771202,오산대역,419
A44773802,오산대역,355
A44774103,오산대역,478
A10026524,오산대역,311
A10026915,오산대역,321
A10027212,오산대역,420
A44773803,오산대역,137
A10026564,세마역,127
A44724001,세마역,403
A44724002,세마역,183
A10024989,시흥대야역,393
A10025100,시흥대야역,181
A10025179,시흥대야역,260
A42980706,시흥대야역,117
A42981308,시흥대야역,356
A42987403,시흥대야역,257
A42987404,시흥대야역,308
A42987409,시흥대야역,303
A42987413,신천역,409
A42987415,시흥대야역,178
A42987416,시흥대야역,451
A42990413,시흥대야역,240
A42972102,신천역,103
A42972103,신천역,382
A42987103,신현역,177
A42924009,시흥능곡역,95
A42924011,시흥능곡역,202
A42924013,시흥능곡역,154
A42924014,시흥능곡역,388
A42924015,시흥능곡역,99
A42924016,시흥능곡역,253
A42924017,시흥능곡역,173
A42973901,시흥시청역,483
A42984401,시흥시청역,458
A42984402,시흥시청역,483
A10024414,월곶역,29
A10024860,월곶역,309
A10027701,월곶역,87
A42983401,월곶역,387
A42983402,월곶역,442
A42983403,월곶역,181
A42983404,월곶역,87
A42983405,월곶역,286
A42992702,월곶역,93
A42945005,오이도역,422
A42945006,오이도역,134
A42976201,오이도역,398
A42976812,오이도역,157
A42976910,오이도역,370
A42977302,오이도역,373
A42977303,오이도역,240
A42977704,오이도역,266
A42978109,오이도역,462
A42979008,오이도역,299
A42985502,정왕역,488
A10023523,당정역,118
A43501003,당정역,305
A43501005,군포역,383
A43501006,당정역,494
A43501007,당정역,383
A43572101,당정역,494
A43572203,당정역,101
A43572302,당정역,272
A43503003,당정역,237
A43573202,당정역,217
A43577404,당정역,192
A43573701,의왕역,101
A43573702,의왕역,231
A43573705,의왕역,400
A43504004,수리산역,198
A43504006,산본역,153
A43504007,수리산역,198
A43504008,금정역,476
A43570702,산본역,345
A43572706,산본역,440
A43573107,산본역,456
A43573904,금정역,476
A43574003,금정역,160
A43574905,수리산역,18
A43575904,수리산역,26
A43576005,수리산역,183
A10023874,금정역,20
A43505003,산본역,465
A43505004,산본역,87
A43575501,수리산역,339
A43575706,산본역,186
A43575803,산본역,110
A43576205,산본역,89
A43576503,산본역,28
A43576601,산본역,194
A43576702,산본역,353
A43582405,산본역,110
A10023995,대야미역,113
A43506001,대야미역,76
A43506004,대야미역,172
A43704008,의왕역,493
A43772311,의왕역,486
A43774507,인덕원역,498
A43774605,인덕원역,482
A46512002,하남검단산,0
A46571004,하남검단산,17
A46571103,하남검단산,131
A10022435,하남시청(덕풍신장),2
A10024119,하남시청(덕풍신장),332
A10026837,하남검단산,420
A46503001,하남검단산,159
A46503002,하남시청(덕풍신장),228
A46570703,하남검단산,333
A46570804,하남검단산,302
A46570905,하남검단산,175
A46571502,하남시청(덕풍신장),191
A46572201,하남검단산,17
A46581101,하남시청(덕풍신장),377
A10027368,하남시청(덕풍신장),166
A46501003,하남풍산,456
A46501004,하남풍산,0
A46501005,하남풍산,104
A46501007,하남시청(덕풍신장),310
A46501301,하남풍산,423
A46501304,하남풍산,396
A46501305,하남풍산,0
A46501306,하남풍산,137
A46501308,하남시청(덕풍신장),467
A46570401,하남시청(덕풍신장),429
A46571403,하남시청(덕풍신장),4
A46571704,하남시청(덕풍신장),284
A46572006,하남시청(덕풍신장),478
A46580001,하남풍산,409
A10024211,미사,0
A10025469,미사,182
A10025941,미사,182
A10026619,미사,483
A10026784,미사,278
A10027379,강일역,457
A10027537,미사,438
A10027691,미사,411
A10028139,미사,180
A10028200,미사,417
A10025667,강일역,401
A10025947,미사,189
A10025966,미사,375
A10026501,강일역,400
A10027552,강일역,460
A10025935,김량장역,339
A10026993,김량장역,278
A44902002,김량장역,406
A44902003,명지대역,428
A44970501,김량장역,398
A44970502,김량장역,62
A44970503,용인중앙시장(용인예술과학대)역,383
A10025716,김량장역,78
A10026217,명지대역,289
A10026630,명지대역,438
A44972201,명지대역,317
A44972202,명지대역,253
A44972203,명지대역,244
A44971803,삼가역,376
A44971901,삼가역,310
A44978002,삼가역,314
A44980404,삼가역,429
A44980405,삼가역,94
A44980406,삼가역,336
A44980407,삼가역,195
A10022690,보평역,213
A44972402,둔전역,328
A44972403,둔전역,246
A44972404,둔전역,400
A44977906,둔전역,154
A44981201,둔전역,244
A44981205,둔전역,137
A44982804,둔전역,65
A44658412,신갈역,462
A44658414,신갈역,315
A44658506,신갈역,13
A44658601,신갈역,294
A44658609,신갈역,292
A44658715,신갈역,158
A44658814,신갈역,471
A44658913,신갈역,292
A44659803,신갈역,120
A44695211,신갈역,16
A10021890,기흥역,340
A10026005,강남대역,364
A10026083,기흥역,4
A10026215,기흥역,189
A10026636,기흥역,66
A44657809,지석역,96
A44657911,기흥역,162
A44658010,강남대역,111
A44659306,신갈역,62
A44673303,기흥역,1
A44673402,기흥역,287
A44673507,기흥역,100
A44673512,기흥역,106
A44673613,기흥역,255
A44695101,기흥역,56
A44695102,기흥역,156
A44695601,상갈역,167
A44695607,상갈역,199
A44695802,상갈역,437
A44695803,상갈역,0
A44695804,상갈역,0
A10026964,영통역,451
A44670101,영통역,445
A44655712,구성역,235
A44693605,구성역,172
A44693813,구성역,189
A44657406,어정역,367
A44671707,동백역,205
A44671805,초당역,39
A44671816,초당역,96
A44672417,동백역,246
A44675001,동백역,405
A44675112,초당역,204
A44675303,어정역,360
A44675304,초당역,204
A44691608,동백역,264
A44691609,동백역,41
A44656806,지석역,129
A44658108,지석역,419
A44671901,지석역,59
A44677505,어정역,307
A10027771,수지구청역,471
A44656607,보정역,239
A44656712,보정역,484
A44677015,보정역,15
A44677017,구성역,490
A44691301,죽전역,417
A44691302,보정역,122
A44691304,보정역,369
A44693909,구성역,465
A44694013,보정역,124
A44697610,보정역,364
A10025228,죽전역,459
A10026839,성복역,265
A44855001,성복역,50
A44855005,성복역,106
A44875603,수지구청역,257
A44875904,수지구청역,308
A44876107,수지구청역,470
A44876303,수지구청역,494
A44876702,수지구청역,53
A44876808,수지구청역,208
A44878309,수지구청역,218
A44878406,수지구청역,496
A44878407,수지구청역,419
A44898708,수지구청역,60
A44898902,수지구청역,381
A44899006,수지구청역,291
A44899104,수지구청역,383
A44899209,수지구청역,428
A44899307,수지구청역,237
A10021052,죽전역,427
A10021924,죽전역,410
A44816007,죽전역,414
A44816015,죽전역,492
A44854601,동천역,146
A44875107,죽전역,478
A44875411,죽전역,365
A44875506,동천역,364
A44875508,동천역,259
A44875509,동천역,143
A44875510,동천역,185
A44876902,오리역,459
A44876904,오리역,484
A44879317,죽전역,371
A10022449,동천역,235
A44812002,동천역,485
A44812004,동천역,403
A44812007,동천역,411
A44812009,동천역,457
A44812014,동천역,392
A44851003,동천역,409
A44851111,동천역,240
A44851113,동천역,446
A44851206,동천역,494
A44874508,동천역,341
A10021695,성복역,201
A10024775,성복역,385
A10025412,성복역,3
A44898007,성복역,313
A44898103,성복역,132
A44898201,성복역,72
A44898202,성복역,147
A10021526,성복역,362
A44813001,성복역,266
A44813002,성복역,311
A44813005,성복역,329
A44813009,성복역,390
A44813010,상현역,358
A44813011,상현역,328
A44813012,상현역,95
A44813015,상현역,255
A44851511,상현역,95
A44851805,성복역,427
A44851913,상현역,493
A44852405,성복역,362
A44852511,상현역,387
A44874606,성복역,460
A10021906,금촌역,334
A10023678,금촌역,260
A10023949,금촌역,340
A10023960,금촌역,465
A41301001,금촌역,374
A41301002,금촌역,232
A41301011,금촌역,448
A41301013,금릉역,247
A41301017,금릉역,240
A41301020,금촌역,457
A41370504,금릉역,245
A41370507,금릉역,449
A41370508,금릉역,280
A41380305,금촌역,403
A41382602,금릉역,75
A10021507,금촌역,423
A41371501,금촌역,431
A41380306,금촌역,288
A41380309,금촌역,493
A41380407,금촌역,326
A10026308,야당역,384
A10026676,야당역,211
A41383140,야당역,358
A41383144,야당역,218
A10024776,운정역,315
A41390404,문산역,492
A41390101,문산역,282
A46775501,이천역,199
A46773304,부발역,464
A46773305,부발역,423
A46774312,부발역,212
A46774501,신둔도예촌역,399
A41503002,사우(김포시청)역,298
A41503003,사우(김포시청)역,190
A41503004,사우(김포시청)역,193
A41503005,사우(김포시청)역,454
A41503007,걸포북변역,172
A41503009,사우(김포시청)역,8
A41503010,걸포북변역,173
A41571206,사우(김포시청)역,330
A10024689,걸포북변역,186
A41502001,걸포북변역,44
A41502002,걸포북변역,351
A41502003,걸포북변역,215
A10025316,운양역,351
A10026503,운양역,114
A10026555,운양역,487
A10027017,운양역,93
A10027631,운양역,114
A41574201,운양역,237
A41574202,운양역,340
A41574205,운양역,110
A41574207,운양역,284
A41506001,장기역,77
A41506003,장기역,142
A41506004,장기역,492
A41506006,장기역,354
A41506007,장기역,401
A41506013,장기역,131
A41574401,장기역,361
A41574402,장기역,223
A41574403,장기역,435
A41574410,장기역,378
A41574412,장기역,457
A41501004,걸포북변역,493
A10026284,사우(김포시청)역,398
A10027226,사우(김포시청)역,288
A41580206,사우(김포시청)역,435
A41580208,사우(김포시청)역,6
A41580209,사우(김포시청)역,128
A41580211,사우(김포시청)역,448
A41580305,사우(김포시청)역,324
A10027488,풍무역,216
A10024478,마산역,496
A10026098,마산역,425
A10026763,마산역,411
A10027062,마산역,118
A41576912,구래역,360
A41576914,마산역,339
A41590101,마산역,345
A47172601,구래역,211
A10024419,구래역,70
A10024790,구래역,345
A10025866,구래역,297
A10025936,구래역,296
A10026155,구래역,455
A10026458,구래역,159
A10026529,구래역,63
A10027014,구래역,420
A10027505,구래역,340
A41576911,구래역,320
A41576913,구래역,200
A41576915,구래역,328
A41576917,구래역,183
A41576918,구래역,282
A10022717,고촌역,475
A41577602,고촌역,308
A41581105,고촌역,324
A41581201,고촌역,161
A41581202,고촌역,192
A41581203,고촌역,336
A41581207,고촌역,404
A41581208,고촌역,280
A41581209,고촌역,317
A41581210,고촌역,247
A10023853,병점역,321
A10024349,병점역,431
A44536022,병점역,432
A44577505,병점역,423
A44577914,병점역,177
A44598804,병점역,326
A44598820,병점역,468
A44532011,서동탄역,401
A44599008,서동탄역,106
A46404001,삼동역,233
A10023363,경기광주역,469
A10027323,경기광주역,456
A46476307,초월역,51
A46476308,초월역,54
A46487201,곤지암역,220
A46487204,곤지암역,303
A10021987,덕정역,317
A48079902,덕정역,392
A48079903,덕정역,432
A48270703,덕정역,497
A10022798,덕계역,60
A10022911,덕계역,309
A10023008,덕계역,240
A10023477,덕계역,97
A10023483,덕계역,326
A48205005,덕계역,195
A48270303,덕계역,202
A48270606,덕계역,42
A48271912,덕계역,481
A48273713,덕계역,417
A46980112,여주역,275
A47770202,가평역,335
A10022492,양평역,291
A10023294,양평역,465
A47680107,양평역,208
A47680202,양평역,355
A47680203,양평역,338
A47680204,양평역,292
A47680205,양평역,187
A10023069,용문역,145
A10027276,용문역,495
A10020281,선릉역,391
A10020308,길동역,197
A10020240,도원역,496
A10020317,수원시청역,170
A10027708,독립문역,165
A10023343,을지로3가역,130
A10023356,을지로3가역,75
A10023488,약수역,45
A10025456,상왕십리역,231
A10025533,효창공원앞역,24
A10026759,용산역,107
A10025192,한강진역,185
A10025685,행당역,258
A13307003,한양대입구역,240
A10023633,신설동역,300
A13071302,청량리역(중앙선),380
A10025754,답십리역,386
A10026104,신답역,67
A10025015,"회기역(1호선,중앙선)",212
A10025410,외대앞역(1호선),184
A10025159,사가정역,368
A10027670,망우역,131
A10024214,양원역,166
A10027189,창신역,198
A13677401,창신역,146
A13678401,상월곡(한국과학기술연구원)역,166
A10025097,월계역,176
A10027121,녹천역,266
A10025133,상계역,261
A10024086,디지털미디어시티역,222
A10025846,녹번역,114
A10026414,구파발역,223
A10027851,아현역,277
A10023959,홍제역,161
A12078201,무악재역,153
A10023709,가좌역,138
A10024347,이대역,280
A10026036,대흥(서강대앞)역,392
A10024974,서강대역,16
A10025729,양천구청역,351
A15881702,목동역,213
A10024436,등촌역,11
A10025600,등촌역,233
A15776003,등촌역,444
A10023515,화곡역,247
A15701007,우장산역,57
A15721006,신방화역,106
A15721008,신방화역,494
A15721009,신방화역,202
A10024505,개화산역,123
A10028063,신도림역,207
A10026729,천왕역,127
A15213005,천왕역,422
A15213006,천왕역,64
A10022098,영등포시장역,267
A10024567,영등포시장역,3
A10026816,영등포시장역,144
A10024470,신풍역,247
A10024615,신풍역,293
A10025024,신풍역,202
A10025562,신풍역,487
A15007201,구로디지털단지역,48
A10027424,장승배기역(7호선),40
A10025770,흑석(중앙대입구)역,201
A10020559,낙성대역,474
A10023661,구로디지털단지역,115
A10024171,방배역,446
A10024942,내방역,308
A10023143,잠원역,403
A10023462,고속터미널역,262
A10023673,고속터미널역,58
A10023043,신반포역,135
A10024552,강남역,336
A10026941,신논현역,300
A10028146,교대(법원검찰청)역,498
A10028105,청계산입구역,67
A13716001,청계산입구역,90
A13716002,청계산입구역,308
A10023825,선릉역,317
A10027474,선릉역,413
A10025203,개포동역,338
A10024131,청담역,3
A10027800,대치역,164
A13501006,선정릉역,316
A10024216,대모산입구,5
A10024258,대청역,249
A10025823,대청역,306
A13552002,일원역,377
A13527019,양재(서초구청)역,370
A13585404,한티역,0
A10025850,송파역,25
A13895502,경찰병원역,129
A10025263,상일동역,61
A10024473,상일동역,377
A10021122,둔촌동역,8
A10023059,중앙보훈병원역,256
A10022572,천호(풍납토성)역,70
A10023695,천호(풍납토성)역,361
A40273506,숭의역,144
A10024217,인하대역,326
A10022886,시민공원역,369
A10022704,송도역,301
A10022888,석천사거리역,151
A10021002,남동구청역,390
A10025222,소래포구역,399
A10023419,동수역,105
A10023431,부평역,77
A10024519,부평역,402
A40313003,백운역,20
A10023517,산곡역,373
A10023710,산곡역,209
A10023987,산곡역,443
A10024168,부개역,345
A10024508,작전역,307
A10024613,작전역,233
A10026092,검단사거리역,360
A40426011,마전역,280
A40473108,완정역,351
A40473123,마전역,20
A10026685,검단사거리역,243
A40473609,왕길역,4
A40473610,왕길역,145
A40473611,왕길역,4
A10026691,성균관대역,370
A10023582,오목천역,12
A10023630,매교역,229
A10023717,매교역,16
A10027563,망포역,317
A10027369,남위례역,426
A10025076,발곡역,380
A10023981,송산역,274
A10024205,의정부시청역,295
A10025045,명학역,76
A10025706,안양역,247
A10027847,석수역,399
A42003024,상동역,147
A10023377,소새울역,456
A10024141,중동역,448
A10025409,초지역,13
A10025458,초지역,239
A10023355,안산역,379
A10023595,지축역,264
A10024952,지축역,418
A10025162,지축역,276
A10025170,지축역,227
A10024935,과천역,19
A10024059,과천역,221
A10025354,평내호평역,485
A10023740,평내호평역,498
A10027754,도농역,127
A10024845,신천역,52
A10024511,시흥능곡역,292
A10024884,시흥시청역,456
A10024489,시흥능곡역,292
A10025301,시흥시청역,386
A10022630,하남시청(덕풍신장),0
A10027347,김량장역,439
A10022829,둔전역,429
A10026328,고진역,219
A10025933,기흥역,160
A10026657,기흥역,5
A10022648,구성역,419
A10027209,어정역,222
A10025555,수지구청역,425
A10024453,성복역,452
A10024763,걸포북변역,461
A10025549,걸포북변역,322
A10026165,풍무역,253
A10027957,구래역,192
A10026871,고촌역,73
A10024040,경기광주역,312
A10023274,여주역,265
A10022983,양평역,409
A10023918,양평역,80
A11014001,안국역,314
A10020992,종로3가역,120
A10024713,동묘앞역,301
A11055002,신설동역,95
A10086301,충무로역,86
A10078902,신당역,464
A10085902,충정로(경기대입구)역,190
A10026183,효창공원앞역,438
A14001303,신용산역,336
A10022228,한남역,189
A10024762,상왕십리역,344
A10022058,용답역,133
A13373101,응봉역,324
A13377903,행당역,251
A13375905,옥수역,265
A10021167,성수역,321
A10026162,광나루역,309
A14375303,광나루역,1
A14319005,뚝섬유원지역,11
A14319015,구의(광진구청)역,167
A14319301,뚝섬유원지역,339
A14319303,뚝섬유원지역,262
A14375801,건대입구역,319
A10028080,제기동역,167
A10022046,신답역,433
A10026779,답십리역,59
A10023253,장한평역(5호선),183
A10027101,"회기역(1호선,중앙선)",340
A10024594,신이문역(1호선),222
A10026322,외대앞역(1호선),252
A13079403,신이문역(1호선),12
A13183701,면목역,189
A13185602,망우역,92
A13114002,먹골역,294
A13114003,중화역,240
A10027297,망우역,383
A13186801,망우역,213
A13604401,성신여대입구(돈암)역,251
A13608601,창신역,210
A13610201,정릉역(국민대입구),338
A13676504,정릉역(국민대입구),261
A10022419,길음역,123
A10024661,월곡(동덕여대)역,58
A13613010,월곡(동덕여대)역,335
A13613201,월곡(동덕여대)역,386
A13612001,상월곡(한국과학기술연구원)역,13
A10022183,미아(서울사이버대학)역,370
A14210001,삼양사거리역,352
A14272303,미아사거리역,470
A14206004,수유(강북구청)역,492
A10021929,가오리역,139
A10023268,수유(강북구청)역,360
A13203302,쌍문역,442
A13295201,쌍문역,355
A13202103,방학역,92
A10026109,창동역,467
A13201003,쌍문역,313
A13204001,창동역,43
A13204501,방학역,476
A13204502,창동역,382
A13272201,녹천역,91
A10026714,도봉산역,368
A13201001,도봉역,356
A10021254,성북역,248
A13987502,월계역,315
A10026289,공릉역,33
A13974401,태릉입구역,216
A13980017,화랑대(서울여대입구)역,408
A13980102,공릉역,230
A13980105,공릉역,166
A13980401,화랑대(서울여대입구)역,452
A13980402,공릉역,367
A13980801,태릉입구역,191
A13980803,태릉입구역,94
A13987301,하계역,404
A13993901,월계역,341
A13920104,수락산역,191
A13980903,당고개역,94
A13981001,상계역,372
A13981608,노원역,18
A13983707,수락산역,397
A13922001,상계역,380
A12209001,디지털미디어시티역,220
A12275501,디지털미디어시티역,104
A12283601,역촌역,132
A10026061,독바위역,93
A10027569,독바위역,138
A12284501,역촌역,234
A10027547,응암역,60
A10027551,응암역,367
A10022263,구파발역,445
A41279917,구파발역,297
A10023116,충정로(경기대입구)역,186
A12079601,독립문역,270
A10023330,무악재역,10
A12009101,홍제역,419
A12009302,홍제역,465
A12076401,홍제역,412
A12078707,무악재역,350
A12071002,녹번역,279
A10027906,애오개역,51
A12179005,공덕역(5호선),260
A12181403,공덕역(5호선),421
A10021282,마포역,364
A12181101,대흥(서강대앞)역,58
A10024784,홍대입구역(2호선),235
A10022359,마포구청역,404
A10022213,마포구청역,230
A10022222,신정네거리역,300
A10023593,신정(은행정)역,81
A15807205,오목교(목동운동장앞)역,445
A15807601,오목교(목동운동장앞)역,417
A15886402,신정네거리역,309
A15870101,목동역,306
A15870102,오목교(목동운동장앞)역,105
A15880905,등촌역,463
A10021770,염창역,396
A10021935,등촌역,286
A10022042,염창역,103
A10027541,증미역,375
A15704015,등촌역,24
A15776001,증미역,227
A15786314,등촌역,241
A15786408,염창역,57
A10021139,양천향교역,434
A10023543,가양역,388
A15784201,증미역,450
A10021232,까치산역,473
A15788901,까치산역,244
A10021562,양천향교역,181
A10024367,가양역,0
A10021574,신방화역,329
A10020646,우장산역,189
A10021866,신방화역,398
A15722108,방화역,220
A15773501,개화산역,264
A15288804,도림천역,30
A10021077,구일역,492
A10021330,구로역,348
A10021832,대림(구로구청)역,89
A10023681,대림(구로구청)역,439
A15205002,남구로역,221
A15284101,대림(구로구청)역,245
A15285804,구로역,221
A10022878,개봉역,157
A15210103,오류동역,437
A15210104,오류동역,290
A15210207,천왕역,236
A15210209,오류동역,169
A10024179,독산역,78
A15381402,독산역,319
A15303102,금천구청역,355
A15303103,금천구청역,439
A15001004,여의나루역,299
A15088614,여의도역,109
A10024834,영등포구청역,142
A15004503,당산역,204
A15083601,문래역,62
A15009401,도림천역,368
A15009504,도림천역,267
A10027512,양평역,452
A10022708,양평역,398
A15010201,양평역,249
A10020758,영등포구청역,491
A15010302,양평역,183
A15086601,선유도역,239
A15005501,신풍역,210
A15083703,신길역,36
A15086001,신풍역,327
A10022416,노량진역,28
A15603007,장승배기역(7호선),375
A15683402,숭실대입구(살피재)역,263
A15606005,노들역,11
A15679106,흑석(중앙대입구)역,207
A10024642,남성역(7호선),447
A10024811,남성역(7호선),436
A10024752,대방역,479
A15602001,대방역,114
A10020786,신대방삼거리역,77
A10025504,신대방역,372
A10024514,서울대입구(관악구청)역,86
A15178203,봉천역,387
A15102902,신림역,429
A15185201,봉천역,287
A15187101,신대방역,390
A10021899,사당역,304
A10021884,구반포역,360
A10024322,방배역,358
A10027016,내방역,428
A13706001,구반포역,366
A13782804,구반포역,457
A13783802,이수역(7호선),134
A10021612,잠원역,329
A13790701,잠원역,182
A10020415,신논현역,16
A10022623,강남역,423
A13707017,강남역,184
A13508004,선릉역,124
A13593901,대청역,221
A10024186,강남구청역,145
A10024640,청담역,410
A13510009,청담역,419
A10024819,삼성중앙역,200
A10026934,삼성중앙역,338
A13509101,청담역,22
A13570502,봉은사역,246
A10026924,대치역,191
A10024805,압구정로데오역,216
A10024814,압구정로데오역,226
A10023245,선정릉역,1
A10024457,선정릉역,428
A13501005,강남구청역,327
A13590204,압구정로데오역,381
A10023599,잠실새내역,132
A13824002,잠실(송파구청)역,233
A10024379,강동구청역,440
A13887901,강동구청역,132
A10028083,송파역,478
A13880201,경찰병원역,144
A13880602,경찰병원역,329
A13895501,가락시장역,199
A10022621,문정역,38
A10021407,거여역,82
A10022033,거여역,254
A13881401,거여역,237
A13881601,거여역,80
A10020684,길동역,95
A10020736,길동역,54
A13481001,굽은다리(강동구민회관앞)역,121
A13406002,중앙보훈병원역,361
A13406007,중앙보훈병원역,268
A13484003,천호(풍납토성)역,278
A10026195,암사역,435
A13486401,강동역,228
A13486703,암사역,41
A40009001,신포역,341
A40284801,간석역,361
A40678905,송도역,330
A10022966,문학경기장역,288
A40611304,연수역,201
A10020712,국제업무지구역,57
A10021852,인천시청역,260
A10027528,예술회관역,491
A40522001,인천시청역,260
A40570904,인천시청역,255
A10021010,모래내시장역,328
A40525001,인천대공원역,322
A10022332,소래포구역,247
A40530009,소래포구역,486
A10027255,부평구청역,261
A10021815,동암역,190
A10022904,산곡역,448
A40385804,부평구청역,408
A10024261,갈산역,255
A40372803,삼산체육관역,33
A10021385,작전역,330
A40778306,작전역,434
A10021085,경인교대역,372
A10021627,계산역,361
A10021642,계산역,242
A10021868,계산역,210
A10022102,계산역,422
A40780007,계산역,454
A40780701,계산역,123
A40782005,작전역,440
A40782203,작전역,238
A40782302,경인교대역,369
A40782306,작전역,236
A40770901,임학역,254
A10020560,임학역,288
A40733001,박촌역,180
A40470703,검바위역,373
A40484702,검바위역,374
A10020966,가정역,411
A10023500,가정역,496
A10020825,석남역,245
A40482301,석남역,203
A10020943,검단사거리역,233
A40482003,마전역,184
A10022450,왕길역,455
A44073805,성균관대역,419
A44082703,성균관대역,411
A44072503,성균관대역,208
A44184901,오목천역,296
A44376013,광교중앙역,234
A44376016,광교역,444
A44347006,청명역,135
A44347009,영통역,8
A10021745,태평역,100
A46119001,경원대역,33
A46118001,태평역,107
A46172801,태평역,497
A10020887,모란역,241
A10024340,모란역,346
A10020439,정자역,217
A46381101,정자역,65
A46374324,미금역,155
A10022673,의정부역,421
A10022721,가능역,311
A10028169,의정부시청역,284
A48084701,발곡역,380
A10021420,망월사역,392
A10021668,회룡역,67
A48002002,발곡역,224
A48002008,발곡역,137
A48002010,회룡역,118
A48002011,장암역,435
A48002014,회룡역,456
A48002032,범골역,299
A10025742,발곡역,408
A10025882,발곡역,313
A10026667,새말역,428
A48007113,발곡역,371
A48073002,발곡역,329
A48074303,동오역,235
A48074711,동오역,235
A48076401,동오역,464
A10021727,흥선역,474
A48090811,녹양역,115
A10025294,명학역,81
A43001002,안양역,320
A10023235,부천역,215
A42010102,역곡역,384
A42083304,역곡역,408
A42084903,신중동역,93
A42003002,부개역,449
A42003004,상동역,468
A10022436,소새울역,78
A42270606,소새울역,4
A42281201,소새울역,108
A10022199,역곡역,500
A42281401,송내역,350
A42281902,중동역,471
A10020981,원종역,489
A42182803,서해선종합운동장역,491
A10024797,원종역,106
A10026698,서정리역,258
A10022959,지행역,387
A48303002,지행역,468
A48371701,동두천중앙역,441
A10020883,원당역,151
A41280804,원당역,271
A41031503,풍산역,195
A10022237,풍산역,317
A41083705,마두역,251
A41083709,마두역,331
A41036017,백석역,62
A41084303,백마역,495
A41131207,일산역,478
A41172609,일산역,90
A41183801,주엽역,239
A41132004,탄현역,488
A41170702,대화역,358
A41180905,탄현역,209
A47170401,구리역,401
A47278818,평내호평역,300
A10022923,별내별가람역,357
A47291002,도농역,32
A47272422,덕소역,251
A10022524,도심역,78
A47274301,퇴계원역,272
A42990411,시흥대야역,430
A42972101,신천역,335
A42987104,신현역,372
A42924003,시흥능곡역,365
A10022462,시흥능곡역,447
A10023905,월곶역,367
A42976504,오이도역,432
A43583802,금정역,405
A43506002,대야미역,80
A46512001,하남검단산,92
A10026359,하남풍산,456
A10026022,용인중앙시장(용인예술과학대)역,359
A44904005,용인중앙시장(용인예술과학대)역,429
A44658413,신갈역,73
A44675411,동백역,194
A44691604,어정역,185
A44671902,지석역,4
A10021681,금촌역,447
A41380301,금촌역,461
A41390104,문산역,126
A41390105,문산역,329
A41390115,문산역,295
A41390402,문산역,51
A10021460,걸포북변역,476
A41506017,장기역,3
A41581106,고촌역,211
A44577501,병점역,479
A44577911,병점역,361
A10023166,삼동역,358
A46478806,초월역,456
A48079901,덕정역,486
A10023240,덕계역,60
A10021801,양평역,259
A47680110,양평역,37
A10020968,양원역,355
A10027951,애오개역,51
A10024245,총신대입구(이수)역,420
A10026737,모란역,267
A43108013,범계역,480
A42182701,원종역,377
